a,b
lds,rdt
rdt,lds
lcm,fpv
fpv,lcm
lcm,ssn
ssn,lcm
lcm,dgm
dgm,lcm
lcm,kjq
kjq,lcm
qzn,dbd
dbd,qzn
qzn,vqv
vqv,qzn
qzn,nmg
nmg,qzn
mcq,xxb
xxb,mcq
clv,fzx
fzx,clv
clv,nvv
nvv,clv
clv,xbd
xbd,clv
kjs,hnf
hnf,kjs
kjs,ffp
ffp,kjs
cld,jxz
jxz,cld
vvq,lxx
lxx,vvq
vvq,hnh
hnh,vvq
mkd,ggt
ggt,mkd
mkd,nbj
nbj,mkd
mkd,tpq
tpq,mkd
mdm,zsn
zsn,mdm
mdm,hgx
hgx,mdm
mdm,lbq
lbq,mdm
mdm,qxh
qxh,mdm
tnz,xnh
xnh,tnz
tnz,shr
shr,tnz
tnz,kbq
kbq,tnz
lmc,ncc
ncc,lmc
lmc,kvr
kvr,lmc
lmc,nvt
nvt,lmc
dfr,zfm
zfm,dfr
dfr,tqs
tqs,dfr
dfr,jmj
jmj,dfr
xzl,krj
krj,xzl
xzl,dmr
dmr,xzl
xzl,vvq
vvq,xzl
xzl,jbk
jbk,xzl
mnd,bjv
bjv,mnd
mnd,nhg
nhg,mnd
dgm,qhd
qhd,dgm
lxp,cxm
cxm,lxp
lxp,tdz
tdz,lxp
vgk,htm
htm,vgk
gnx,rhs
rhs,gnx
gnx,hzj
hzj,gnx
gnx,qxc
qxc,gnx
gnx,ttq
ttq,gnx
llr,xbh
xbh,llr
llr,cxc
cxc,llr
llr,hpd
hpd,llr
llr,pjg
pjg,llr
nxm,pgk
pgk,nxm
nxm,mtx
mtx,nxm
nxm,hnh
hnh,nxm
pdh,xkk
xkk,pdh
pdh,cxl
cxl,pdh
pdh,ngm
ngm,pdh
rzx,cns
cns,rzx
rzx,rsm
rsm,rzx
rzx,nsz
nsz,rzx
bzq,hjq
hjq,bzq
bzq,nzj
nzj,bzq
fdq,crl
crl,fdq
fdq,thj
thj,fdq
fjv,jhr
jhr,fjv
fjv,gxj
gxj,fjv
fxb,ltn
ltn,fxb
clq,nhg
nhg,clq
clq,gbl
gbl,clq
clq,txz
txz,clq
ghv,jxj
jxj,ghv
ghv,rrr
rrr,ghv
ghv,mcs
mcs,ghv
ghv,zqg
zqg,ghv
qbn,mcq
mcq,qbn
hxv,tmp
tmp,hxv
hxv,zqn
zqn,hxv
hxv,pfs
pfs,hxv
hxv,mtn
mtn,hxv
nlp,kmp
kmp,nlp
nlp,gqr
gqr,nlp
nlp,jcm
jcm,nlp
nlp,lml
lml,nlp
ddx,xdc
xdc,ddx
ddx,nsm
nsm,ddx
ddx,qff
qff,ddx
ddx,qgn
qgn,ddx
mvk,mht
mht,mvk
mvk,sbd
sbd,mvk
rmt,gqk
gqk,rmt
rmt,nqn
nqn,rmt
snf,qkm
qkm,snf
vgx,rfb
rfb,vgx
vgx,crk
crk,vgx
vgx,tzf
tzf,vgx
vgx,ldc
ldc,vgx
qlx,bbd
bbd,qlx
qlx,sfd
sfd,qlx
qlx,llv
llv,qlx
slk,cxr
cxr,slk
slk,qxc
qxc,slk
slk,xjh
xjh,slk
slk,qhg
qhg,slk
mhb,dfn
dfn,mhb
mhb,kbt
kbt,mhb
mhb,vqq
vqq,mhb
mhb,hzr
hzr,mhb
mhb,qxh
qxh,mhb
mhb,rzm
rzm,mhb
mhb,snf
snf,mhb
trt,bgx
bgx,trt
trt,clq
clq,trt
trt,pnc
pnc,trt
trt,nhn
nhn,trt
fpv,dpk
dpk,fpv
kxl,hkn
hkn,kxl
kxl,zvh
zvh,kxl
kxl,rtp
rtp,kxl
kxl,knz
knz,kxl
zkv,tqg
tqg,zkv
zkv,bgb
bgb,zkv
zkv,fkd
fkd,zkv
zkv,qmp
qmp,zkv
zkv,prl
prl,zkv
zkv,mqc
mqc,zkv
zsl,fpn
fpn,zsl
zsl,trn
trn,zsl
zsl,sjv
sjv,zsl
zsl,rcr
rcr,zsl
zsl,dgs
dgs,zsl
bpk,mhs
mhs,bpk
bpk,jcz
jcz,bpk
bpk,dlp
dlp,bpk
zkg,zhc
zhc,zkg
zkg,qgm
qgm,zkg
zkg,jxq
jxq,zkg
zkg,lqj
lqj,zkg
sqf,fqg
fqg,sqf
sqf,mvk
mvk,sqf
sqf,hsx
hsx,sqf
sqf,bhm
bhm,sqf
xrc,kzl
kzl,xrc
xrc,mtx
mtx,xrc
vmp,rnt
rnt,vmp
vmp,gqk
gqk,vmp
vmp,ghm
ghm,vmp
rxh,qbn
qbn,rxh
rxh,rjt
rjt,rxh
rxh,qzp
qzp,rxh
bhq,zzv
zzv,bhq
bhq,rmc
rmc,bhq
bhq,mhs
mhs,bhq
bhq,vxx
vxx,bhq
tdg,kfg
kfg,tdg
psp,qrc
qrc,psp
nhj,hnf
hnf,nhj
nhj,hcb
hcb,nhj
nhj,lfq
lfq,nhj
mbz,trs
trs,mbz
dfl,kfv
kfv,dfl
dfl,snf
snf,dfl
dfl,kbn
kbn,dfl
dfl,vkh
vkh,dfl
mxb,lcj
lcj,mxb
mxb,lmg
lmg,mxb
mxb,jks
jks,mxb
mxb,rvd
rvd,mxb
lbn,ddx
ddx,lbn
lbn,qjd
qjd,lbn
lbn,mvn
mvn,lbn
lbn,mbz
mbz,lbn
gmg,lgg
lgg,gmg
pnz,pgc
pgc,pnz
pnz,fcz
fcz,pnz
rmc,jlq
jlq,rmc
vql,vpl
vpl,vql
vql,bsc
bsc,vql
vql,jbk
jbk,vql
lhv,glq
glq,lhv
lhv,djc
djc,lhv
lhv,mgd
mgd,lhv
kvv,fsx
fsx,kvv
gkx,rvd
rvd,gkx
gkx,lsp
lsp,gkx
gkx,sbz
sbz,gkx
gkx,rts
rts,gkx
gkx,zbb
zbb,gkx
czj,khl
khl,czj
czj,kxm
kxm,czj
xzr,qvr
qvr,xzr
xbp,ksx
ksx,xbp
xbp,ckf
ckf,xbp
xbp,bxt
bxt,xbp
xbp,qbn
qbn,xbp
xbp,rjt
rjt,xbp
xbp,nrl
nrl,xbp
pft,jcq
jcq,pft
pft,gqk
gqk,pft
frt,nvt
nvt,frt
frt,rlv
rlv,frt
frt,rrn
rrn,frt
bhp,nnh
nnh,bhp
bhp,tff
tff,bhp
rkb,dlf
dlf,rkb
bfv,xpv
xpv,bfv
bfv,zrb
zrb,bfv
mlq,kqx
kqx,mlq
mlq,xbd
xbd,mlq
tqx,xbb
xbb,tqx
tqx,zfm
zfm,tqx
tqx,xnq
xnq,tqx
tqx,nrt
nrt,tqx
tqx,lzt
lzt,tqx
tqx,cpq
cpq,tqx
tqx,ggm
ggm,tqx
dzg,rnr
rnr,dzg
dzg,qnq
qnq,dzg
dzg,vxf
vxf,dzg
dzg,gjg
gjg,dzg
zxm,mbx
mbx,zxm
zxm,rll
rll,zxm
zxm,gzs
gzs,zxm
zxm,dpk
dpk,zxm
cnc,gbm
gbm,cnc
cnc,dfg
dfg,cnc
cnc,cdz
cdz,cnc
cnc,xbh
xbh,cnc
cnc,zmh
zmh,cnc
cnc,hhf
hhf,cnc
bnf,lfq
lfq,bnf
rpm,tpg
tpg,rpm
rpm,qdm
qdm,rpm
rpm,mcq
mcq,rpm
rpm,cnd
cnd,rpm
sxg,cfq
cfq,sxg
sxg,bmd
bmd,sxg
sxg,rlg
rlg,sxg
sxg,smt
smt,sxg
hlq,fpv
fpv,hlq
hlq,cjb
cjb,hlq
hlq,lzd
lzd,hlq
hlq,mfb
mfb,hlq
hlq,rcr
rcr,hlq
jdk,bfq
bfq,jdk
jdk,qdk
qdk,jdk
hhq,bqs
bqs,hhq
hhq,hch
hch,hhq
hhq,qhd
qhd,hhq
kxr,tvd
tvd,kxr
kxr,clk
clk,kxr
kxr,gmh
gmh,kxr
kxr,bzz
bzz,kxr
kxr,jcz
jcz,kxr
vnz,cqc
cqc,vnz
vnz,vzm
vzm,vnz
vnz,rjr
rjr,vnz
kdk,xdq
xdq,kdk
kdk,btq
btq,kdk
kdk,hjj
hjj,kdk
fxg,hgx
hgx,fxg
fxg,hjq
hjq,fxg
nbj,zvl
zvl,nbj
pdc,mbz
mbz,pdc
pdc,rkp
rkp,pdc
pdc,zgq
zgq,pdc
vbk,qbs
qbs,vbk
vbk,lds
lds,vbk
nvb,nnh
nnh,nvb
nvb,qqb
qqb,nvb
nvb,fmg
fmg,nvb
nvb,gbr
gbr,nvb
xqk,cpv
cpv,xqk
xqk,cpm
cpm,xqk
xqk,rll
rll,xqk
dfg,jjq
jjq,dfg
gxc,ztv
ztv,gxc
gxc,jfp
jfp,gxc
gxc,lcc
lcc,gxc
vxm,jln
jln,vxm
vxm,hpc
hpc,vxm
vxm,gzs
gzs,vxm
cpm,rlv
rlv,cpm
cpm,mdg
mdg,cpm
cpm,lgq
lgq,cpm
grd,fbj
fbj,grd
grd,zgc
zgc,grd
grd,lqq
lqq,grd
vmr,nld
nld,vmr
vmr,btf
btf,vmr
fhr,djr
djr,fhr
fhr,nnh
nnh,fhr
fhr,llv
llv,fhr
vtx,ztv
ztv,vtx
vtx,rlb
rlb,vtx
vtx,xjh
xjh,vtx
vtx,trs
trs,vtx
vtx,vqd
vqd,vtx
hvg,qsd
qsd,hvg
hvg,hfj
hfj,hvg
hvg,hdd
hdd,hvg
sls,fxs
fxs,sls
sls,txc
txc,sls
sls,zgr
zgr,sls
lqg,qxx
qxx,lqg
lqg,bqs
bqs,lqg
lqg,clb
clb,lqg
xkl,zgr
zgr,xkl
xkl,hbl
hbl,xkl
xkl,qkg
qkg,xkl
xkl,php
php,xkl
hrn,qsd
qsd,hrn
sdh,ltk
ltk,sdh
cgm,hmk
hmk,cgm
cgm,dqs
dqs,cgm
cgm,prf
prf,cgm
qnf,vrn
vrn,qnf
qnf,czm
czm,qnf
qnf,kqx
kqx,qnf
dgx,ctl
ctl,dgx
zqs,gxp
gxp,zqs
zqs,hcn
hcn,zqs
zqs,dpk
dpk,zqs
zqs,cbl
cbl,zqs
zqs,dvf
dvf,zqs
zqs,mlt
mlt,zqs
zqs,kvr
kvr,zqs
hbl,kjr
kjr,hbl
hbl,zzh
zzh,hbl
hbl,sgh
sgh,hbl
qmt,dbd
dbd,qmt
qmt,jxs
jxs,qmt
dgz,csz
csz,dgz
dgz,zcs
zcs,dgz
dgz,qqp
qqp,dgz
dgz,tjn
tjn,dgz
htk,fjp
fjp,htk
htk,lrj
lrj,htk
htk,khb
khb,htk
htk,psp
psp,htk
htk,bhv
bhv,htk
czc,smj
smj,czc
czc,qcz
qcz,czc
czc,lxb
lxb,czc
czc,cxq
cxq,czc
qts,jck
jck,qts
qts,ngj
ngj,qts
qts,hkm
hkm,qts
nvx,sdr
sdr,nvx
nvx,ttq
ttq,nvx
nvx,kzc
kzc,nvx
vxg,hlc
hlc,vxg
vxg,fpd
fpd,vxg
vxg,kmr
kmr,vxg
vxg,lxs
lxs,vxg
vxg,vnj
vnj,vxg
rfb,zpc
zpc,rfb
rfb,xvt
xvt,rfb
rfb,nvq
nvq,rfb
hzs,mqq
mqq,hzs
hzs,vql
vql,hzs
hzs,pqg
pqg,hzs
hzs,lrj
lrj,hzs
bhk,xsh
xsh,bhk
bhk,srl
srl,bhk
cjs,mfb
mfb,cjs
cjs,bvc
bvc,cjs
cjs,ncc
ncc,cjs
cjs,xmt
xmt,cjs
pvd,dbv
dbv,pvd
zgr,rvn
rvn,zgr
zgr,lkk
lkk,zgr
cxl,fqg
fqg,cxl
cxl,ldc
ldc,cxl
cxl,fcz
fcz,cxl
qqp,tzf
tzf,qqp
qqp,sch
sch,qqp
qqp,fhr
fhr,qqp
qqp,kvn
kvn,qqp
fbj,vpl
vpl,fbj
klr,jkc
jkc,klr
klr,dqs
dqs,klr
gcg,ggl
ggl,gcg
gcg,xng
xng,gcg
gcg,vkm
vkm,gcg
gcg,lst
lst,gcg
skj,ffp
ffp,skj
skj,qgf
qgf,skj
skj,czj
czj,skj
kvt,vnh
vnh,kvt
kvt,rlb
rlb,kvt
rtm,htp
htp,rtm
qjr,gjz
gjz,qjr
qjr,vbk
vbk,qjr
qjr,pkc
pkc,qjr
qjr,jhf
jhf,qjr
brs,dmv
dmv,brs
brs,jnr
jnr,brs
brs,pdv
pdv,brs
brs,kqm
kqm,brs
hkn,htc
htc,hkn
dqg,qmv
qmv,dqg
dqg,skh
skh,dqg
dqg,kzq
kzq,dqg
dqg,zbk
zbk,dqg
dqg,zfg
zfg,dqg
kjf,pmb
pmb,kjf
kjf,gjf
gjf,kjf
xpz,gtt
gtt,xpz
xpz,kdt
kdt,xpz
xpz,mfb
mfb,xpz
jnc,zhb
zhb,jnc
jnc,jfp
jfp,jnc
cch,xtd
xtd,cch
cch,jrl
jrl,cch
cch,tdx
tdx,cch
cch,mrb
mrb,cch
ckj,jxs
jxs,ckj
ckj,dnh
dnh,ckj
pdv,tff
tff,pdv
pdv,rjd
rjd,pdv
spp,kxm
kxm,spp
spp,gjh
gjh,spp
spp,ksm
ksm,spp
dhc,mbz
mbz,dhc
dhc,jlk
jlk,dhc
dhc,psp
psp,dhc
fgh,gjv
gjv,fgh
fgh,vfl
vfl,fgh
fgh,xnh
xnh,fgh
xbh,gzs
gzs,xbh
xbh,sjb
sjb,xbh
pbg,xmd
xmd,pbg
pbg,gjx
gjx,pbg
bkv,qfp
qfp,bkv
jrl,rnr
rnr,jrl
jrl,bqs
bqs,jrl
ccc,lph
lph,ccc
ccc,qdk
qdk,ccc
ccc,clk
clk,ccc
ccc,jrr
jrr,ccc
rcm,rls
rls,rcm
rcm,fxg
fxg,rcm
rcm,rgr
rgr,rcm
xsf,jbn
jbn,xsf
xsf,fdq
fdq,xsf
xsf,bjv
bjv,xsf
grx,njh
njh,grx
grx,rbp
rbp,grx
grx,zsn
zsn,grx
grx,zql
zql,grx
grx,frf
frf,grx
bkh,dpx
dpx,bkh
bkh,lvd
lvd,bkh
bkh,kst
kst,bkh
bkh,gjn
gjn,bkh
bkh,fjv
fjv,bkh
ltk,trj
trj,ltk
lck,qkm
qkm,lck
lck,ccz
ccz,lck
lck,xfh
xfh,lck
lck,lzm
lzm,lck
rcz,qfp
qfp,rcz
qnz,lqz
lqz,qnz
qnz,tgr
tgr,qnz
qnz,jgz
jgz,qnz
bfq,zzh
zzh,bfq
bfq,spp
spp,bfq
bfq,hdv
hdv,bfq
ntm,lfq
lfq,ntm
ntm,knq
knq,ntm
bvz,rzd
rzd,bvz
bvz,mvt
mvt,bvz
bvz,xvc
xvc,bvz
bvz,sgk
sgk,bvz
zpm,ffp
ffp,zpm
tlm,bhb
bhb,tlm
tlm,lrg
lrg,tlm
tlm,xcs
xcs,tlm
tlm,smj
smj,tlm
hkm,phb
phb,hkm
qmr,klz
klz,qmr
qmr,vph
vph,qmr
qmr,xzr
xzr,qmr
qmr,xzp
xzp,qmr
ljx,vrk
vrk,ljx
ljx,tzt
tzt,ljx
ljx,rpj
rpj,ljx
ljx,mrb
mrb,ljx
hmk,prf
prf,hmk
rqc,mkc
mkc,rqc
rqc,dqf
dqf,rqc
qgq,gqr
gqr,qgq
llc,gbr
gbr,llc
llc,mzn
mzn,llc
llc,cpr
cpr,llc
llc,trt
trt,llc
hsk,prf
prf,hsk
hsk,htc
htc,hsk
hsk,qtb
qtb,hsk
dlh,tjj
tjj,dlh
dlh,kvt
kvt,dlh
dlh,qmt
qmt,dlh
bxq,thj
thj,bxq
bxq,tvd
tvd,bxq
lgj,tdz
tdz,lgj
lgj,chv
chv,lgj
lgj,fcz
fcz,lgj
lgj,qqd
qqd,lgj
mqq,gsz
gsz,mqq
bxv,rzm
rzm,bxv
bxv,nsx
nsx,bxv
bxv,cxm
cxm,bxv
bxv,gbh
gbh,bxv
zdn,qfv
qfv,zdn
zdn,kzl
kzl,zdn
zdn,snv
snv,zdn
zdn,gqg
gqg,zdn
cbb,hsk
hsk,cbb
cbb,pfz
pfz,cbb
cbb,kzl
kzl,cbb
cbb,pmb
pmb,cbb
rlr,hkd
hkd,rlr
rlr,fgh
fgh,rlr
rlr,mzq
mzq,rlr
cmn,mkd
mkd,cmn
hjn,msc
msc,hjn
hzj,gqr
gqr,hzj
hzj,cgg
cgg,hzj
hzj,mrl
mrl,hzj
ztv,dlh
dlh,ztv
rkc,gbm
gbm,rkc
rkc,tsf
tsf,rkc
ttq,hlc
hlc,ttq
ttq,ncn
ncn,ttq
vxl,qjf
qjf,vxl
vxl,kfh
kfh,vxl
vxl,dgp
dgp,vxl
vxl,vvc
vvc,vxl
dsp,nxz
nxz,dsp
dsp,vmp
vmp,dsp
dsp,ksm
ksm,dsp
mng,mdc
mdc,mng
ndp,fml
fml,ndp
ndp,scl
scl,ndp
ndp,jkc
jkc,ndp
ndp,fkd
fkd,ndp
mkk,fkt
fkt,mkk
dcr,mcq
mcq,dcr
dcr,bqb
bqb,dcr
dcr,gkz
gkz,dcr
dcr,bdl
bdl,dcr
xhk,gtt
gtt,xhk
zhb,mck
mck,zhb
zhb,nvt
nvt,zhb
tbh,lhp
lhp,tbh
pnd,vgk
vgk,pnd
pnd,qgd
qgd,pnd
pnd,jsn
jsn,pnd
pnd,xkr
xkr,pnd
pnd,mcn
mcn,pnd
pnd,dcj
dcj,pnd
gxg,rmt
rmt,gxg
gxg,jsq
jsq,gxg
gxg,ssb
ssb,gxg
gxg,hzr
hzr,gxg
fps,mqq
mqq,fps
fps,jxz
jxz,fps
fps,pht
pht,fps
fps,tjx
tjx,fps
zbj,qdm
qdm,zbj
zbj,rlv
rlv,zbj
zbj,khb
khb,zbj
zbj,kmp
kmp,zbj
zbj,hlk
hlk,zbj
gzx,lrg
lrg,gzx
gzx,qxp
qxp,gzx
gzx,tls
tls,gzx
gzx,dtt
dtt,gzx
tlg,jxz
jxz,tlg
tlg,svv
svv,tlg
tlg,lhm
lhm,tlg
tlg,plt
plt,tlg
tlg,zmp
zmp,tlg
mjt,hkm
hkm,mjt
mjt,vvc
vvc,mjt
mjt,spp
spp,mjt
bgx,mbk
mbk,bgx
bgx,ksm
ksm,bgx
bgx,pdv
pdv,bgx
jgh,tkd
tkd,jgh
jgh,nmj
nmj,jgh
jgh,tnm
tnm,jgh
jgh,lzb
lzb,jgh
rpd,rkk
rkk,rpd
rpd,vnz
vnz,rpd
rpd,rnr
rnr,rpd
vtb,cmk
cmk,vtb
vtb,vfv
vfv,vtb
ngp,dkh
dkh,ngp
ngp,mtl
mtl,ngp
ngp,dcp
dcp,ngp
dhl,sbf
sbf,dhl
dhl,cjk
cjk,dhl
xmc,dbr
dbr,xmc
xmc,scl
scl,xmc
xmc,hvh
hvh,xmc
tnk,rll
rll,tnk
tnk,lzt
lzt,tnk
tnk,mlt
mlt,tnk
tnk,dqf
dqf,tnk
tnk,sqb
sqb,tnk
bhb,xdp
xdp,bhb
bhb,rnt
rnt,bhb
cxc,nsz
nsz,cxc
cxc,hjg
hjg,cxc
qqb,cxt
cxt,qqb
txl,flr
flr,txl
sdd,gkk
gkk,sdd
sdd,bnf
bnf,sdd
sdd,dtt
dtt,sdd
sdd,qkg
qkg,sdd
dbv,trj
trj,dbv
dbv,qxc
qxc,dbv
zqg,qlh
qlh,zqg
zqg,xhk
xhk,zqg
zqg,kcx
kcx,zqg
zqg,pvd
pvd,zqg
nvq,kjs
kjs,nvq
nvq,tts
tts,nvq
hcn,jfs
jfs,hcn
hcn,xtm
xtm,hcn
hcn,crc
crc,hcn
hcn,nlc
nlc,hcn
hfc,mkk
mkk,hfc
hfc,ccz
ccz,hfc
gbh,gmg
gmg,gbh
gbh,lxb
lxb,gbh
gbh,sbz
sbz,gbh
kvl,jlc
jlc,kvl
kvl,hqq
hqq,kvl
fjm,hvj
hvj,fjm
fjm,bqd
bqd,fjm
nrl,bqs
bqs,nrl
nrl,shq
shq,nrl
nmv,ssb
ssb,nmv
ktd,vpf
vpf,ktd
ktd,ngj
ngj,ktd
ktd,rgk
rgk,ktd
tzf,skh
skh,tzf
dtz,nsm
nsm,dtz
dtz,pgk
pgk,dtz
dtz,lbx
lbx,dtz
dtz,nmg
nmg,dtz
dtz,msj
msj,dtz
ptl,qff
qff,ptl
ptl,kxc
kxc,ptl
ptl,lsr
lsr,ptl
ptl,xmc
xmc,ptl
lbz,ngz
ngz,lbz
lbz,xhk
xhk,lbz
znj,bjv
bjv,znj
znj,xnh
xnh,znj
znj,dnr
dnr,znj
hvq,tcx
tcx,hvq
hvq,tnz
tnz,hvq
hvq,dbx
dbx,hvq
hvq,nnv
nnv,hvq
hvq,hnf
hnf,hvq
hvq,fxs
fxs,hvq
fbv,sbd
sbd,fbv
fbv,lrg
lrg,fbv
fbv,zvv
zvv,fbv
fbv,pdv
pdv,fbv
fbv,pnz
pnz,fbv
fbv,shr
shr,fbv
lqf,scn
scn,lqf
lqf,brc
brc,lqf
lqf,pkh
pkh,lqf
lqf,nms
nms,lqf
qfm,nsx
nsx,qfm
qfm,skj
skj,qfm
qfm,ftt
ftt,qfm
qfm,lgf
lgf,qfm
ltt,zvc
zvc,ltt
ltt,cjn
cjn,ltt
clb,xrc
xrc,clb
fml,bdn
bdn,fml
fml,tmq
tmq,fml
dfn,nqn
nqn,dfn
crr,ltt
ltt,crr
crr,nnl
nnl,crr
crr,njd
njd,crr
mln,zpx
zpx,mln
cxt,vph
vph,cxt
brg,tsf
tsf,brg
brg,jxs
jxs,brg
vtk,ckj
ckj,vtk
vtk,cft
cft,vtk
vtk,bvm
bvm,vtk
vtk,fbj
fbj,vtk
djj,tfx
tfx,djj
djj,rcr
rcr,djj
djj,xff
xff,djj
lkm,glm
glm,lkm
lkm,ngz
ngz,lkm
xhh,fgk
fgk,xhh
xhh,ctx
ctx,xhh
xhh,jbk
jbk,xhh
xhh,frt
frt,xhh
xhh,jsg
jsg,xhh
jpm,qtb
qtb,jpm
jpm,kcq
kcq,jpm
jpm,lzd
lzd,jpm
rnr,vmg
vmg,rnr
fmg,lrg
lrg,fmg
nqn,jsn
jsn,nqn
jxd,vdr
vdr,jxd
jxd,lxc
lxc,jxd
jxd,bbz
bbz,jxd
jxd,xht
xht,jxd
kst,lrf
lrf,kst
qcg,flr
flr,qcg
qcg,mmq
mmq,qcg
qcg,hvx
hvx,qcg
qcg,qqd
qqd,qcg
ghm,mjl
mjl,ghm
vcq,kfh
kfh,vcq
vcq,fsh
fsh,vcq
kms,nmv
nmv,kms
kms,qvr
qvr,kms
kms,nvv
nvv,kms
kms,htm
htm,kms
dkh,frc
frc,dkh
dkh,bkq
bkq,dkh
dkh,ngz
ngz,dkh
tsv,tlj
tlj,tsv
tsv,jhr
jhr,tsv
tsv,gqk
gqk,tsv
bgv,kfr
kfr,bgv
fzl,zhn
zhn,fzl
fzl,rbp
rbp,fzl
fzl,txc
txc,fzl
fzl,llv
llv,fzl
zdx,jfs
jfs,zdx
fpn,gjf
gjf,fpn
fpn,scl
scl,fpn
pfs,rhs
rhs,pfs
pfs,slg
slg,pfs
dhz,phq
phq,dhz
dhz,kvt
kvt,dhz
bvg,qtb
qtb,bvg
bvg,dpv
dpv,bvg
bvg,srl
srl,bvg
zln,txc
txc,zln
zln,kzq
kzq,zln
zln,php
php,zln
zln,knq
knq,zln
dvf,kfd
kfd,dvf
dvf,gtt
gtt,dvf
ntn,hfm
hfm,ntn
ntn,lzx
lzx,ntn
ntn,bfv
bfv,ntn
ntn,zgb
zgb,ntn
qvc,cxt
cxt,qvc
qvc,kdz
kdz,qvc
qvc,czm
czm,qvc
qvc,dsp
dsp,qvc
qvc,qtl
qtl,qvc
djq,kkj
kkj,djq
djq,xnh
xnh,djq
djq,xzr
xzr,djq
djq,jbd
jbd,djq
hpd,msc
msc,hpd
hpd,xbb
xbb,hpd
hpd,pht
pht,hpd
jjz,hcg
hcg,jjz
jjz,cjk
cjk,jjz
jjz,psp
psp,jjz
hmm,ltt
ltt,hmm
hmm,ptq
ptq,hmm
fpd,bvd
bvd,fpd
fpd,jsb
jsb,fpd
lgx,tmp
tmp,lgx
lgx,kfk
kfk,lgx
lgx,jxz
jxz,lgx
bfn,dcs
dcs,bfn
bfn,mfv
mfv,bfn
bfn,ptq
ptq,bfn
bfn,chv
chv,bfn
bfn,ltn
ltn,bfn
bgb,ckj
ckj,bgb
bgb,mcq
mcq,bgb
xvv,tpv
tpv,xvv
xvv,dpz
dpz,xvv
xvv,xlk
xlk,xvv
qmg,fxh
fxh,qmg
qmg,ffl
ffl,qmg
rbl,dgx
dgx,rbl
rbl,hbn
hbn,rbl
dpj,stb
stb,dpj
dpj,drf
drf,dpj
dpj,zdd
zdd,dpj
rnt,pph
pph,rnt
hcg,ldm
ldm,hcg
hcg,xdc
xdc,hcg
hcg,tbl
tbl,hcg
dkl,hjn
hjn,dkl
dkl,jxj
jxj,dkl
dkl,dbm
dbm,dkl
dkl,kjq
kjq,dkl
jjv,qgm
qgm,jjv
jjv,qml
qml,jjv
gfg,xdp
xdp,gfg
rgb,lbz
lbz,rgb
rgb,tdc
tdc,rgb
rgb,shq
shq,rgb
rgb,zgc
zgc,rgb
rgb,ftr
ftr,rgb
trn,lqq
lqq,trn
trn,ttn
ttn,trn
kkc,hfj
hfj,kkc
kkc,jln
jln,kkc
kkc,mdg
mdg,kkc
kkc,qgq
qgq,kkc
pjc,rts
rts,pjc
pjc,mvk
mvk,pjc
pjc,ngr
ngr,pjc
gch,rvd
rvd,gch
nhn,jxn
jxn,nhn
nhn,kqx
kqx,nhn
nhn,mfv
mfv,nhn
nhn,zpx
zpx,nhn
pgc,hjj
hjj,pgc
pgc,gjx
gjx,pgc
pgc,jtp
jtp,pgc
rrp,ngp
ngp,rrp
rrp,cxs
cxs,rrp
rrp,sxt
sxt,rrp
jjd,bsd
bsd,jjd
jjd,gjg
gjg,jjd
jjd,cbd
cbd,jjd
jvr,xmm
xmm,jvr
jvr,xdt
xdt,jvr
sxt,btc
btc,sxt
sxt,bgg
bgg,sxt
xfh,nch
nch,xfh
bdl,lhx
lhx,bdl
bdl,jxj
jxj,bdl
bdl,spx
spx,bdl
qlb,txc
txc,qlb
qlb,rzm
rzm,qlb
hvk,mdk
mdk,hvk
hvk,lrf
lrf,hvk
kmq,xzl
xzl,kmq
kmq,gdk
gdk,kmq
kmq,dvh
dvh,kmq
kmq,lmp
lmp,kmq
djn,jdl
jdl,djn
djn,mzv
mzv,djn
djn,tkd
tkd,djn
djn,bnf
bnf,djn
djn,svr
svr,djn
djn,tdz
tdz,djn
djn,ftt
ftt,djn
djn,mcn
mcn,djn
xtq,tvv
tvv,xtq
xtq,nnv
nnv,xtq
xtq,tpf
tpf,xtq
csz,qtt
qtt,csz
csz,zbg
zbg,csz
csz,zln
zln,csz
pbz,bgv
bgv,pbz
pbz,dmd
dmd,pbz
fnr,cgj
cgj,fnr
fnr,crl
crl,fnr
fnr,hkm
hkm,fnr
hsx,bkv
bkv,hsx
hsx,sgk
sgk,hsx
kfv,vbt
vbt,kfv
kfv,krq
krq,kfv
kbq,gfg
gfg,kbq
kbq,dgd
dgd,kbq
zfg,ggt
ggt,zfg
zfg,jlq
jlq,zfg
vhm,mhr
mhr,vhm
vhm,rqc
rqc,vhm
bpl,hmh
hmh,bpl
bpl,nbj
nbj,bpl
bpl,xkr
xkr,bpl
bpl,vpd
vpd,bpl
bpl,qjr
qjr,bpl
bpl,qct
qct,bpl
phd,bkm
bkm,phd
phd,dvh
dvh,phd
phd,hxn
hxn,phd
phd,qck
qck,phd
ctz,gvv
gvv,ctz
ctz,xcb
xcb,ctz
vdr,kfr
kfr,vdr
vcl,cxs
cxs,vcl
bfg,nvq
nvq,bfg
bfg,qkg
qkg,bfg
bfg,jml
jml,bfg
bfg,dlk
dlk,bfg
bfg,rmt
rmt,bfg
lpf,nkd
nkd,lpf
lpf,qhg
qhg,lpf
lpf,vlz
vlz,lpf
drf,fkt
fkt,drf
drf,kjr
kjr,drf
jbg,xzp
xzp,jbg
jbg,xkr
xkr,jbg
jbg,qmg
qmg,jbg
jbg,sch
sch,jbg
jbg,xdp
xdp,jbg
mzq,gmg
gmg,mzq
jmz,zxz
zxz,jmz
jmz,fhx
fhx,jmz
jmz,zkg
zkg,jmz
jmz,cnd
cnd,jmz
xkk,lvd
lvd,xkk
xkk,dtm
dtm,xkk
nnt,cvc
cvc,nnt
nnt,vxd
vxd,nnt
nnt,jrt
jrt,nnt
nnt,cmn
cmn,nnt
smt,pls
pls,smt
smt,nch
nch,smt
stb,tbv
tbv,stb
stb,mng
mng,stb
stb,fcn
fcn,stb
cdb,jcm
jcm,cdb
cdb,jbk
jbk,cdb
bfb,lmg
lmg,bfb
bfb,ghm
ghm,bfb
bfb,tjf
tjf,bfb
bfb,ksf
ksf,bfb
rpf,pfp
pfp,rpf
rpf,gfg
gfg,rpf
rpf,fxg
fxg,rpf
rpf,vgt
vgt,rpf
gjn,vxx
vxx,gjn
gjn,xrq
xrq,gjn
gjn,vgr
vgr,gjn
gqb,tfm
tfm,gqb
gqb,jvr
jvr,gqb
gqb,kzc
kzc,gqb
zpn,qrc
qrc,zpn
zpn,fpv
fpv,zpn
zpn,dmx
dmx,zpn
zpn,dgg
dgg,zpn
zpn,kvt
kvt,zpn
tjb,mbk
mbk,tjb
tjb,xzr
xzr,tjb
tjb,zmf
zmf,tjb
snv,vhd
vhd,snv
zfv,vph
vph,zfv
zfv,ngr
ngr,zfv
zfv,cxp
cxp,zfv
zfv,ntk
ntk,zfv
mrg,cdl
cdl,mrg
mrg,jsg
jsg,mrg
mrg,bgb
bgb,mrg
tzt,shq
shq,tzt
tzt,vhd
vhd,tzt
vdc,zrr
zrr,vdc
vdc,bvm
bvm,vdc
hdd,pzs
pzs,hdd
jcz,nmv
nmv,jcz
qtc,mdk
mdk,qtc
cff,rck
rck,cff
cff,rsj
rsj,cff
vbt,hgx
hgx,vbt
psb,mqq
mqq,psb
psb,hlc
hlc,psb
psb,jxq
jxq,psb
psb,qmp
qmp,psb
hfp,kdt
kdt,hfp
hfp,slg
slg,hfp
hfp,cld
cld,hfp
pmg,hfc
hfc,pmg
pmg,bkv
bkv,pmg
pmg,fjm
fjm,pmg
pmg,gbl
gbl,pmg
pmg,qmz
qmz,pmg
pmg,xbd
xbd,pmg
sjg,rjd
rjd,sjg
ngj,gqz
gqz,ngj
pht,dpp
dpp,pht
dhg,bfq
bfq,dhg
dhg,dbs
dbs,dhg
dhg,fxh
fxh,dhg
dhg,hfc
hfc,dhg
sxm,htp
htp,sxm
sxm,tmj
tmj,sxm
sxm,qdk
qdk,sxm
sxm,mjs
mjs,sxm
jqj,gjg
gjg,jqj
jqj,kxc
kxc,jqj
jqj,ljd
ljd,jqj
jqj,njp
njp,jqj
jqj,frj
frj,jqj
jqj,nrs
nrs,jqj
tmv,mln
mln,tmv
tmv,ktd
ktd,tmv
tmv,qnz
qnz,tmv
tmv,hrg
hrg,tmv
lqj,jcm
jcm,lqj
lqj,plz
plz,lqj
pjg,xtm
xtm,pjg
cqg,mcs
mcs,cqg
cqg,qzv
qzv,cqg
cqg,mhn
mhn,cqg
cqg,qxx
qxx,cqg
vjg,rzv
rzv,vjg
vjg,nkd
nkd,vjg
vjg,ppt
ppt,vjg
vjg,gqb
gqb,vjg
vjg,pzc
pzc,vjg
xgr,xrj
xrj,xgr
xgr,tzt
tzt,xgr
xgr,hfp
hfp,xgr
xgr,tsq
tsq,xgr
rtd,pcv
pcv,rtd
qdm,dlf
dlf,qdm
vmc,chm
chm,vmc
vmc,gqk
gqk,vmc
pqx,bjj
bjj,pqx
pqx,npq
npq,pqx
pqx,nkd
nkd,pqx
pqx,tvm
tvm,pqx
lqq,qsm
qsm,lqq
rqp,txl
txl,rqp
rqp,mhl
mhl,rqp
rqp,mzq
mzq,rqp
brz,kdm
kdm,brz
brz,jck
jck,brz
brz,dfn
dfn,brz
brz,cmn
cmn,brz
tjn,kqm
kqm,tjn
tjn,hdv
hdv,tjn
tjn,nvv
nvv,tjn
mhs,jck
jck,mhs
mhs,czm
czm,mhs
mph,kfh
kfh,mph
mph,gjz
gjz,mph
mph,ntm
ntm,mph
mph,khl
khl,mph
gjk,dcs
dcs,gjk
gjk,nmj
nmj,gjk
gjk,jsq
jsq,gjk
kmp,dmr
dmr,kmp
jfp,rcr
rcr,jfp
jfp,rkp
rkp,jfp
bsd,lxc
lxc,bsd
bsd,zrr
zrr,bsd
jhr,gtg
gtg,jhr
qck,xxf
xxf,qck
qck,sjb
sjb,qck
qck,tsr
tsr,qck
qck,xqk
xqk,qck
qck,cmq
cmq,qck
thk,tbh
tbh,thk
thk,qgn
qgn,thk
thk,xxs
xxs,thk
fgk,sbf
sbf,fgk
fgk,kfq
kfq,fgk
xxs,hfk
hfk,xxs
xxs,gsn
gsn,xxs
xxs,lxs
lxs,xxs
vph,nmj
nmj,vph
zzh,sht
sht,zzh
zmj,qsd
qsd,zmj
zmj,qtm
qtm,zmj
zmj,hnh
hnh,zmj
zmj,zxf
zxf,zmj
jlc,bqb
bqb,jlc
kcl,ckv
ckv,kcl
kcl,hpd
hpd,kcl
kcl,qzp
qzp,kcl
kcl,xbb
xbb,kcl
qtm,brg
brg,qtm
lcj,dbp
dbp,lcj
tmj,fbn
fbn,tmj
tmj,cjn
cjn,tmj
lzt,xnq
xnq,lzt
rpj,jjd
jjd,rpj
rpj,tnq
tnq,rpj
rpj,skz
skz,rpj
bdr,qnz
qnz,bdr
bdr,cmm
cmm,bdr
bdr,hjv
hjv,bdr
bdr,nld
nld,bdr
mbt,btf
btf,mbt
mbt,zvv
zvv,mbt
mbt,npz
npz,mbt
mbt,jbd
jbd,mbt
mbt,dnr
dnr,mbt
vmj,cbl
cbl,vmj
vmj,hdh
hdh,vmj
vmj,lqr
lqr,vmj
vmj,ncm
ncm,vmj
vmj,nkd
nkd,vmj
kgp,bbb
bbb,kgp
mpp,rrr
rrr,mpp
cxp,pgp
pgp,cxp
cxp,sht
sht,cxp
bqd,dpz
dpz,bqd
bqd,jdl
jdl,bqd
bqd,btf
btf,bqd
fdd,njh
njh,fdd
fdd,zpc
zpc,fdd
fdd,lvd
lvd,fdd
fns,vnh
vnh,fns
fns,vfz
vfz,fns
mht,btf
btf,mht
ldc,cgj
cgj,ldc
ncm,pgk
pgk,ncm
ncm,jvc
jvc,ncm
ncm,jfs
jfs,ncm
hpm,kdt
kdt,hpm
hpm,gcn
gcn,hpm
hpm,gzs
gzs,hpm
hpm,sqb
sqb,hpm
hpm,lqr
lqr,hpm
hpm,rxh
rxh,hpm
hpm,pkd
pkd,hpm
hnz,ksf
ksf,hnz
hnz,brd
brd,hnz
hnz,ddc
ddc,hnz
hnz,rbl
rbl,hnz
prf,bsc
bsc,prf
prf,hhf
hhf,prf
prf,mrl
mrl,prf
xdh,vzb
vzb,xdh
xdh,dbp
dbp,xdh
xdh,pfm
pfm,xdh
xdh,brq
brq,xdh
stl,xcm
xcm,stl
stl,fpq
fpq,stl
stl,sbk
sbk,stl
tsr,qnq
qnq,tsr
tsr,qsd
qsd,tsr
qnq,pvb
pvb,qnq
qnq,ckj
ckj,qnq
gsc,xcm
xcm,gsc
gsc,krq
krq,gsc
gsc,tdg
tdg,gsc
gsc,bkv
bkv,gsc
hrg,cpl
cpl,hrg
hrg,kvn
kvn,hrg
tls,mbg
mbg,tls
tls,bhb
bhb,tls
rfh,ffp
ffp,rfh
rfh,ghh
ghh,rfh
rfh,dxl
dxl,rfh
kbt,gbl
gbl,kbt
kbt,knq
knq,kbt
phb,gch
gch,phb
hfj,jjq
jjq,hfj
mhr,rzv
rzv,mhr
srh,lpc
lpc,srh
srh,vxh
vxh,srh
srh,tjx
tjx,srh
srh,vhm
vhm,srh
srh,fns
fns,srh
frc,mdg
mdg,frc
tng,cnd
cnd,tng
tng,vcl
vcl,tng
tng,gmj
gmj,tng
tng,xlz
xlz,tng
knc,tjj
tjj,knc
sbd,pbg
pbg,sbd
qnk,gch
gch,qnk
qnk,pnh
pnh,qnk
qnk,skm
skm,qnk
qnk,sgk
sgk,qnk
qnk,zbd
zbd,qnk
qnk,lrk
lrk,qnk
jkc,ncn
ncn,jkc
qsr,qzv
qzv,qsr
qsr,vfk
vfk,qsr
qsr,sxt
sxt,qsr
qsr,jxs
jxs,qsr
ldv,pjj
pjj,ldv
ldv,csm
csm,ldv
ldv,stt
stt,ldv
ldv,zhn
zhn,ldv
hnc,rtd
rtd,hnc
hnc,dkh
dkh,hnc
tjf,pmk
pmk,tjf
tjf,bmd
bmd,tjf
tjf,mln
mln,tjf
tjf,sfd
sfd,tjf
nxs,ttc
ttc,nxs
nxs,ntd
ntd,nxs
nxs,pjr
pjr,nxs
nxs,hbg
hbg,nxs
nxs,tgr
tgr,nxs
dpp,lxx
lxx,dpp
kff,pft
pft,kff
kff,nrn
nrn,kff
kff,xzr
xzr,kff
kff,sjg
sjg,kff
kbn,brc
brc,kbn
kbn,jhf
jhf,kbn
kbn,fxs
fxs,kbn
qjd,qhd
qhd,qjd
xjh,dmd
dmd,xjh
fft,jhh
jhh,fft
fft,jhf
jhf,fft
fft,kfg
kfg,fft
fft,kxm
kxm,fft
lkk,hdv
hdv,lkk
scl,shs
shs,scl
scl,zxf
zxf,scl
cbl,kcp
kcp,cbl
cbl,rsm
rsm,cbl
kxc,vrk
vrk,kxc
kxc,frj
frj,kxc
kxc,mgd
mgd,kxc
klk,nqr
nqr,klk
klk,kcq
kcq,klk
klk,jvc
jvc,klk
klk,hqq
hqq,klk
ftt,nnl
nnl,ftt
ftt,jcq
jcq,ftt
hlk,dbl
dbl,hlk
hlk,vpl
vpl,hlk
bjj,knc
knc,bjj
bjj,xnd
xnd,bjj
bjj,mrl
mrl,bjj
bjj,gsz
gsz,bjj
ljk,hhq
hhq,ljk
ljk,qtm
qtm,ljk
ljk,cff
cff,ljk
ljk,cpv
cpv,ljk
ljk,pzc
pzc,ljk
szg,bbk
bbk,szg
szg,bxt
bxt,szg
szg,vzm
vzm,szg
szg,bqm
bqm,szg
szg,fpd
fpd,szg
vrq,pnc
pnc,vrq
vrq,sjg
sjg,vrq
vrq,gtg
gtg,vrq
vrq,gqz
gqz,vrq
dgd,nmj
nmj,dgd
svs,jnc
jnc,svs
svs,xdt
xdt,svs
svs,nrl
nrl,svs
svs,btb
btb,svs
lzb,gvj
gvj,lzb
lzb,nms
nms,lzb
lzb,kpn
kpn,lzb
zbg,lst
lst,zbg
zbg,zmf
zmf,zbg
zbg,frf
frf,zbg
crq,qdm
qdm,crq
crq,pqg
pqg,crq
crq,qpg
qpg,crq
zvl,kqd
kqd,zvl
nvz,lmc
lmc,nvz
nvz,dkl
dkl,nvz
nvz,tqh
tqh,nvz
nvz,mrt
mrt,nvz
vxf,bhk
bhk,vxf
vxf,skz
skz,vxf
tsq,xrj
xrj,tsq
tsq,mtl
mtl,tsq
tsq,sxp
sxp,tsq
qrf,mcq
mcq,qrf
qrf,gfx
gfx,qrf
qrf,qzv
qzv,qrf
qrf,tpd
tpd,qrf
chr,fhf
fhf,chr
chr,dfg
dfg,chr
chr,jrl
jrl,chr
chr,vzz
vzz,chr
chr,ckv
ckv,chr
qmd,cps
cps,qmd
qmd,zgh
zgh,qmd
qmd,rfh
rfh,qmd
qmd,phb
phb,qmd
qkl,dgg
dgg,qkl
qkl,vhd
vhd,qkl
qkl,vtg
vtg,qkl
qkl,bhk
bhk,qkl
qkl,fbj
fbj,qkl
fgv,xht
xht,fgv
fgv,lhm
lhm,fgv
fgv,xdt
xdt,fgv
fgv,rtp
rtp,fgv
lrg,hbg
hbg,lrg
lzv,bsc
bsc,lzv
lzv,bsx
bsx,lzv
lzv,rpd
rpd,lzv
lzv,cdb
cdb,lzv
pmk,cgj
cgj,pmk
pmk,stt
stt,pmk
gjv,rxv
rxv,gjv
gjv,kfh
kfh,gjv
mcn,zpm
zpm,mcn
mcn,mht
mht,mcn
mpf,tdz
tdz,mpf
mpf,cxm
cxm,mpf
sbz,zdd
zdd,sbz
dpx,pbs
pbs,dpx
dpx,czj
czj,dpx
dpx,dbp
dbp,dpx
zcq,kzv
kzv,zcq
zcq,tqq
tqq,zcq
zcq,xff
xff,zcq
zcq,zkg
zkg,zcq
zcq,ksr
ksr,zcq
mtr,mfb
mfb,mtr
mtr,gbm
gbm,mtr
mtr,sxk
sxk,mtr
gdt,tbg
tbg,gdt
gdt,sdv
sdv,gdt
gdt,xvc
xvc,gdt
gdt,jhs
jhs,gdt
bvc,fqz
fqz,bvc
bvc,snv
snv,bvc
bvc,ldm
ldm,bvc
bvc,xpz
xpz,bvc
bvc,lcm
lcm,bvc
tbl,glm
glm,tbl
kgj,kbn
kbn,kgj
kgj,xjz
xjz,kgj
kgj,zrh
zrh,kgj
lqr,zgc
zgc,lqr
mdd,jgz
jgz,mdd
mdd,tpq
tpq,mdd
jnt,rrp
rrp,jnt
jnt,qsm
qsm,jnt
jnt,pjq
pjq,jnt
jnt,vrk
vrk,jnt
txd,npl
npl,txd
txd,ggl
ggl,txd
txd,qnh
qnh,txd
gtg,tpq
tpq,gtg
gzm,xff
xff,gzm
gzm,tzq
tzq,gzm
gzm,mkh
mkh,gzm
gzm,bdl
bdl,gzm
mjz,cdz
cdz,mjz
cns,qzp
qzp,cns
cns,mpt
mpt,cns
cns,qzv
qzv,cns
cxr,trj
trj,cxr
mvt,kht
kht,mvt
bhm,kvf
kvf,bhm
bhm,vxx
vxx,bhm
bhm,gmh
gmh,bhm
qmv,cpp
cpp,qmv
qmv,fbn
fbn,qmv
kvn,mpf
mpf,kvn
kvn,rzm
rzm,kvn
mlt,tjj
tjj,mlt
sgh,fxh
fxh,sgh
sgh,snf
snf,sgh
sgh,ngm
ngm,sgh
nxh,rlb
rlb,nxh
nxh,knc
knc,nxh
bgz,vfk
vfk,bgz
bgz,ltk
ltk,bgz
bgz,mrl
mrl,bgz
bgz,cxr
cxr,bgz
fnp,vfk
vfk,fnp
fnp,khr
khr,fnp
fnp,phq
phq,fnp
fnp,lxx
lxx,fnp
tfx,mpt
mpt,tfx
tfx,pjg
pjg,tfx
pks,bvm
bvm,pks
blt,mdl
mdl,blt
blt,mdc
mdc,blt
blt,zcn
zcn,blt
bqf,dbd
dbd,bqf
prl,cxc
cxc,prl
prl,mrb
mrb,prl
zql,sbd
sbd,zql
zql,jkb
jkb,zql
zql,qnh
qnh,zql
krj,jnc
jnc,krj
krj,vpl
vpl,krj
krj,tdf
tdf,krj
xmm,mtl
mtl,xmm
xmm,gfx
gfx,xmm
rll,ppk
ppk,rll
nnp,glz
glz,nnp
nnp,nmh
nmh,nnp
nnp,qpj
qpj,nnp
nnp,cpv
cpv,nnp
mgx,ksx
ksx,mgx
mgx,cgt
cgt,mgx
mgx,ldm
ldm,mgx
mgx,bcp
bcp,mgx
zmp,rgh
rgh,zmp
zmp,jbp
jbp,zmp
zmp,shm
shm,zmp
xgm,vsp
vsp,xgm
xgm,xrq
xrq,xgm
xgm,zzh
zzh,xgm
xgm,mln
mln,xgm
xgm,kfv
kfv,xgm
xgm,npl
npl,xgm
xgm,qtt
qtt,xgm
qgx,tvm
tvm,qgx
qgx,zjp
zjp,qgx
qgx,mkh
mkh,qgx
qgx,xxb
xxb,qgx
rjr,hmk
hmk,rjr
rjr,dgm
dgm,rjr
fdj,qqd
qqd,fdj
fdj,kfh
kfh,fdj
zmh,tbl
tbl,zmh
zmh,slg
slg,zmh
jch,klr
klr,jch
jch,zkg
zkg,jch
jch,xnd
xnd,jch
jch,bsd
bsd,jch
lbh,fdj
fdj,lbh
lbh,cpp
cpp,lbh
lbh,hrg
hrg,lbh
lbh,vbt
vbt,lbh
rdt,gjz
gjz,rdt
fkc,fsh
fsh,fkc
fkc,rdt
rdt,fkc
fkc,qxp
qxp,fkc
fkc,zfg
zfg,fkc
lqv,cdz
cdz,lqv
lqv,lmp
lmp,lqv
lqv,vvq
vvq,lqv
pfp,tvd
tvd,pfp
pfp,nvh
nvh,pfp
pfp,khf
khf,pfp
cjx,rlr
rlr,cjx
cjx,lzk
lzk,cjx
cjx,mcb
mcb,cjx
sfz,tcq
tcq,sfz
sfz,fxf
fxf,sfz
sfz,bdl
bdl,sfz
sfz,xsh
xsh,sfz
sfz,mbx
mbx,sfz
shm,trj
trj,shm
hhf,xlz
xlz,hhf
ltv,shp
shp,ltv
ltv,dfr
dfr,ltv
ltv,bvb
bvb,ltv
ltv,fpn
fpn,ltv
vdm,bkq
bkq,vdm
vdm,bsx
bsx,vdm
vdm,xpv
xpv,vdm
vdm,vhm
vhm,vdm
crl,fqh
fqh,crl
crl,thj
thj,crl
bcr,hvk
hvk,bcr
bcr,vbt
vbt,bcr
bcr,hkd
hkd,bcr
lmt,vgt
vgt,lmt
lmt,qdk
qdk,lmt
hmh,rcz
rcz,hmh
gdk,dsh
dsh,gdk
gdk,jvc
jvc,gdk
gdk,mkh
mkh,gdk
xht,bsx
bsx,xht
xht,dbd
dbd,xht
qbv,brc
brc,qbv
qbv,nrn
nrn,qbv
qbv,php
php,qbv
qhs,gsm
gsm,qhs
qhs,ghh
ghh,qhs
hzk,vkh
vkh,hzk
hzk,vnk
vnk,hzk
hzk,qmz
qmz,hzk
hzk,nqn
nqn,hzk
zpz,mvq
mvq,zpz
zpz,lcj
lcj,zpz
zpz,nmv
nmv,zpz
zpz,zsn
zsn,zpz
llp,fxb
fxb,llp
llp,fmn
fmn,llp
zzv,zfx
zfx,zzv
zzv,tbv
tbv,zzv
xfj,xvc
xvc,xfj
xfj,tls
tls,xfj
zvh,lgx
lgx,zvh
zvh,fvh
fvh,zvh
zvh,btb
btb,zvh
hpc,qmt
qmt,hpc
hpc,bqf
bqf,hpc
xxf,mjr
mjr,xxf
xxf,shs
shs,xxf
xxf,zrb
zrb,xxf
pkd,dvs
dvs,pkd
pkd,bjj
bjj,pkd
pkd,jvr
jvr,pkd
pkd,jrl
jrl,pkd
xxt,zdd
zdd,xxt
xxt,gqz
gqz,xxt
xxt,zhn
zhn,xxt
dvb,mjz
mjz,dvb
dvb,phq
phq,dvb
dvb,lqg
lqg,dvb
dvb,qps
qps,dvb
htc,pzs
pzs,htc
qjk,dlf
dlf,qjk
cvl,kjr
kjr,cvl
cvl,nmj
nmj,cvl
cvl,zpc
zpc,cvl
cvl,xvt
xvt,cvl
kmc,dqm
dqm,kmc
kmc,gxz
gxz,kmc
kmc,pls
pls,kmc
kmc,fmg
fmg,kmc
hzr,fnk
fnk,hzr
hzr,dxs
dxs,hzr
nvh,xcb
xcb,nvh
tts,xnn
xnn,tts
tts,rmc
rmc,tts
tts,kjp
kjp,tts
bkg,phb
phb,bkg
bkg,mbg
mbg,bkg
bkg,cpl
cpl,bkg
bkg,kqd
kqd,bkg
cbr,rgh
rgh,cbr
cbr,hmk
hmk,cbr
cbr,zhb
zhb,cbr
vck,kjg
kjg,vck
vck,fhg
fhg,vck
vck,mvt
mvt,vck
vck,gbl
gbl,vck
vck,dbp
dbp,vck
vck,bxq
bxq,vck
cft,zgc
zgc,cft
gsd,ctx
ctx,gsd
gsd,bcp
bcp,gsd
gsd,qrp
qrp,gsd
gsd,kfn
kfn,gsd
qmz,qdk
qdk,qmz
lth,qhs
qhs,lth
lth,smh
smh,lth
lth,clv
clv,lth
lth,psl
psl,lth
mjl,tbg
tbg,mjl
mjl,vsp
vsp,mjl
bdn,vnj
vnj,bdn
bdn,hqq
hqq,bdn
mdc,kht
kht,mdc
mdc,fxb
fxb,mdc
ppt,pvb
pvb,ppt
pcd,mbg
mbg,pcd
pcd,gjx
gjx,pcd
pcd,fzx
fzx,pcd
flr,kvf
kvf,flr
flr,dmv
dmv,flr
flr,cxq
cxq,flr
mnr,rpf
rpf,mnr
mnr,brc
brc,mnr
mnr,tvd
tvd,mnr
mnr,cpl
cpl,mnr
mnr,pjj
pjj,mnr
mfv,xbd
xbd,mfv
mfv,fbg
fbg,mfv
lgg,zsn
zsn,lgg
lgg,vrv
vrv,lgg
nmg,rck
rck,nmg
nmg,fqz
fqz,nmg
nmg,tmq
tmq,nmg
qlm,nnl
nnl,qlm
qlm,hmz
hmz,qlm
qlm,stt
stt,qlm
qlm,mpf
mpf,qlm
qlm,jbg
jbg,qlm
qdr,xzp
xzp,qdr
qdr,skm
skm,qdr
qdr,tlj
tlj,qdr
qdr,rts
rts,qdr
qdr,kbt
kbt,qdr
qdr,czv
czv,qdr
pnc,qkm
qkm,pnc
pnc,njh
njh,pnc
plz,mtx
mtx,plz
plz,msc
msc,plz
plz,bxj
bxj,plz
jhh,xlk
xlk,jhh
jhh,hhb
hhb,jhh
jqr,drf
drf,jqr
jqr,dqm
dqm,jqr
jqr,bnf
bnf,jqr
jqr,tts
tts,jqr
jqr,mql
mql,jqr
jqr,tgr
tgr,jqr
jqr,cvc
cvc,jqr
jqr,hvk
hvk,jqr
xth,bqb
bqb,xth
xth,dbl
dbl,xth
xth,jln
jln,xth
xth,dsh
dsh,xth
fxf,tsf
tsf,fxf
fxf,fvh
fvh,fxf
fxf,pcv
pcv,fxf
fxf,lgq
lgq,fxf
dpz,jlq
jlq,dpz
kcx,slg
slg,kcx
kcx,vrk
vrk,kcx
jml,xfj
xfj,jml
jml,zzg
zzg,jml
jml,stt
stt,jml
jml,lkk
lkk,jml
ptb,fcz
fcz,ptb
ptb,htm
htm,ptb
hhs,zrb
zrb,hhs
hhs,shq
shq,hhs
hjx,rcz
rcz,hjx
hjx,bxq
bxq,hjx
hjx,fft
fft,hjx
lbx,xtd
xtd,lbx
lbx,sth
sth,lbx
lbx,tfx
tfx,lbx
vnk,gbr
gbr,vnk
vnk,rzd
rzd,vnk
vnk,kdk
kdk,vnk
xmh,fgk
fgk,xmh
xmh,sjv
sjv,xmh
xmh,dvk
dvk,xmh
xmh,mhr
mhr,xmh
qfv,sth
sth,qfv
qfv,kjf
kjf,qfv
qfv,vlz
vlz,qfv
zhn,rcz
rcz,zhn
ggm,hhs
hhs,ggm
ggm,vxm
vxm,ggm
ggm,nmh
nmh,ggm
gcd,zvl
zvl,gcd
gcd,qnf
qnf,gcd
gcd,srr
srr,gcd
gcd,jdl
jdl,gcd
gcd,jsq
jsq,gcd
pfm,tzf
tzf,pfm
pfm,srr
srr,pfm
htp,pbg
pbg,htp
htp,qxh
qxh,htp
tqk,jck
jck,tqk
tqk,mnd
mnd,tqk
tqk,zmf
zmf,tqk
tqk,fbl
fbl,tqk
lsn,qnh
qnh,lsn
lsn,qtl
qtl,lsn
pjr,chm
chm,pjr
pjr,mng
mng,pjr
pjr,cpp
cpp,pjr
pjr,qvr
qvr,pjr
pjr,ffl
ffl,pjr
jxc,dhc
dhc,jxc
jxc,sjv
sjv,jxc
jxc,gnn
gnn,jxc
jxc,xnq
xnq,jxc
jxc,mrb
mrb,jxc
tqh,gxc
gxc,tqh
tqh,zsl
zsl,tqh
tqh,vvf
vvf,tqh
jsb,rzv
rzv,jsb
cps,gjh
gjh,cps
crk,xmd
xmd,crk
sjv,qgq
qgq,sjv
klz,njh
njh,klz
klz,rzm
rzm,klz
dtt,cxm
cxm,dtt
dtt,xkk
xkk,dtt
rnz,htm
htm,rnz
rnz,lck
lck,rnz
rnz,lzb
lzb,rnz
rnz,ldv
ldv,rnz
svf,hdr
hdr,svf
svf,sdh
sdh,svf
svf,dvf
dvf,svf
svf,sjb
sjb,svf
zjn,lrj
lrj,zjn
zjn,cdz
cdz,zjn
mbx,bqb
bqb,mbx
fzz,glq
glq,fzz
fzz,jjv
jjv,fzz
fzz,qff
qff,fzz
fcg,vcl
vcl,fcg
fcg,ttn
ttn,fcg
fcg,fns
fns,fcg
qbb,khz
khz,qbb
qbb,lmg
lmg,qbb
qbb,vmr
vmr,qbb
qbb,qqb
qqb,qbb
qbb,srk
srk,qbb
qbb,pkh
pkh,qbb
xnl,fzx
fzx,xnl
xnl,pnc
pnc,xnl
xnl,pbs
pbs,xnl
glq,qnq
qnq,glq
glq,qgm
qgm,glq
mkv,mjt
mjt,mkv
mkv,hmm
hmm,mkv
mkv,knb
knb,mkv
mkv,xsf
xsf,mkv
tqg,dnh
dnh,tqg
tqg,sxk
sxk,tqg
xgj,mtr
mtr,xgj
xgj,xps
xps,xgj
xgj,rrr
rrr,xgj
sbf,hdr
hdr,sbf
sbf,bpz
bpz,sbf
kqm,kkj
kkj,kqm
kqm,fkt
fkt,kqm
zzg,llv
llv,zzg
mcb,bnt
bnt,mcb
mcb,xng
xng,mcb
mcb,sbz
sbz,mcb
bcj,zpm
zpm,bcj
bcj,smt
smt,bcj
bcj,mjq
mjq,bcj
bcj,zcs
zcs,bcj
bcj,mlq
mlq,bcj
bcj,kbq
kbq,bcj
kjg,hmz
hmz,kjg
kjg,vvc
vvc,kjg
kjg,qdk
qdk,kjg
zlk,tfx
tfx,zlk
zlk,glm
glm,zlk
zlk,jvc
jvc,zlk
dcp,bgv
bgv,dcp
dcp,dhz
dhz,dcp
dcp,vdc
vdc,dcp
dcp,dgs
dgs,dcp
rhs,jkg
jkg,rhs
rhs,lxc
lxc,rhs
txz,rmc
rmc,txz
txz,cjn
cjn,txz
txz,dmv
dmv,txz
txz,qcz
qcz,txz
txz,fnr
fnr,txz
cxs,dpp
dpp,cxs
kjt,xng
xng,kjt
kjt,hrg
hrg,kjt
kjt,vmc
vmc,kjt
kjt,pls
pls,kjt
dcs,rxv
rxv,dcs
dcs,jgz
jgz,dcs
shp,vfk
vfk,shp
shp,crc
crc,shp
shp,hch
hch,shp
ctx,mpt
mpt,ctx
ctx,cqc
cqc,ctx
lcz,lrj
lrj,lcz
lcz,mfn
mfn,lcz
lcz,dgm
dgm,lcz
lcz,fhx
fhx,lcz
tjx,qgm
qgm,tjx
tjx,hnc
hnc,tjx
tjx,zfm
zfm,tjx
bqg,mqc
mqc,bqg
bqg,dhc
dhc,bqg
bqg,ssn
ssn,bqg
bqg,qrg
qrg,bqg
bvd,qtb
qtb,bvd
khf,ltn
ltn,khf
khf,mkk
mkk,khf
khf,qjm
qjm,khf
cgg,qvk
qvk,cgg
fjk,hbm
hbm,fjk
fjk,gsn
gsn,fjk
fjk,bhk
bhk,fjk
cbd,hrn
hrn,cbd
krq,kzq
kzq,krq
krq,fxh
fxh,krq
krq,rjj
rjj,krq
ztm,rbp
rbp,ztm
ztm,kfh
kfh,ztm
ztm,jrt
jrt,ztm
ztm,ckq
ckq,ztm
ztm,zpm
zpm,ztm
glz,cjk
cjk,glz
glz,lxc
lxc,glz
sxk,rck
rck,sxk
sxk,qjk
qjk,sxk
xbj,mjz
mjz,xbj
xbj,zgq
zgq,xbj
xbj,tsf
tsf,xbj
xbj,lml
lml,xbj
kvk,nrs
nrs,kvk
kvk,jkg
jkg,kvk
kvk,dhz
dhz,kvk
gzk,vmd
vmd,gzk
gzk,cqc
cqc,gzk
gzk,fjk
fjk,gzk
gzk,dnh
dnh,gzk
gzk,xhk
xhk,gzk
vmg,qtb
qtb,vmg
qqd,vsr
vsr,qqd
kcp,knt
knt,kcp
kcp,rrr
rrr,kcp
lqz,rtm
rtm,lqz
lqz,lrf
lrf,lqz
lqz,stl
stl,lqz
cdh,zqf
zqf,cdh
cdh,dbr
dbr,cdh
cdh,vfk
vfk,cdh
vqq,ffl
ffl,vqq
vqq,qvr
qvr,vqq
vqq,kkj
kkj,vqq
tff,rtc
rtc,tff
tff,ghh
ghh,tff
gvv,kht
kht,gvv
bnt,jtp
jtp,bnt
bnt,qmz
qmz,bnt
vsp,kfg
kfg,vsp
vsp,tzf
tzf,vsp
nxz,jtp
jtp,nxz
pbq,bhp
bhp,pbq
pbq,tbg
tbg,pbq
pbq,gbl
gbl,pbq
jfd,chm
chm,jfd
jfd,mkk
mkk,jfd
jfd,zgr
zgr,jfd
jfd,zql
zql,jfd
jsq,kdp
kdp,jsq
jsq,gxz
gxz,jsq
bkm,clb
clb,bkm
bkm,pnv
pnv,bkm
bkm,mkc
mkc,bkm
scn,pph
pph,scn
scn,ntk
ntk,scn
clk,hbn
hbn,clk
shh,btb
btb,shh
shh,djj
djj,shh
shh,xrj
xrj,shh
shh,hlq
hlq,shh
shh,qgx
qgx,shh
tcq,xxb
xxb,tcq
cqz,clb
clb,cqz
cqz,cxr
cxr,cqz
cqz,zhc
zhc,cqz
cqz,fxf
fxf,cqz
cqz,mrg
mrg,cqz
ckq,llp
llp,ckq
ckq,hkm
hkm,ckq
tqq,tfm
tfm,tqq
tqq,hbm
hbm,tqq
zrr,xtm
xtm,zrr
dnq,sjl
sjl,dnq
dnq,zhc
zhc,dnq
dnq,gqb
gqb,dnq
dnq,pvb
pvb,dnq
mdk,bbd
bbd,mdk
nmd,qgn
qgn,nmd
nmd,qsd
qsd,nmd
nmd,lpf
lpf,nmd
lpv,jdk
jdk,lpv
lpv,fsx
fsx,lpv
lpv,csh
csh,lpv
lpv,lck
lck,lpv
lpv,mzq
mzq,lpv
gbz,hmh
hmh,gbz
gbz,pbs
pbs,gbz
gbz,csm
csm,gbz
gbz,fbv
fbv,gbz
vmd,qzp
qzp,vmd
vmd,qpg
qpg,vmd
qmk,pfz
pfz,qmk
qmk,cbj
cbj,qmk
qmk,sdh
sdh,qmk
dkg,qxx
qxx,dkg
dkg,tst
tst,dkg
dkg,sdr
sdr,dkg
dkg,qvk
qvk,dkg
kjq,dnh
dnh,kjq
mmq,lxp
lxp,mmq
mmq,hbn
hbn,mmq
mmq,lmt
lmt,mmq
vxx,jkn
jkn,vxx
vxx,xmd
xmd,vxx
vxx,sgk
sgk,vxx
gkz,lrj
lrj,gkz
gkz,vnh
vnh,gkz
gkz,mqc
mqc,gkz
gkz,bvd
bvd,gkz
tdc,jcm
jcm,tdc
tdc,rsm
rsm,tdc
tdc,cnd
cnd,tdc
qhd,qvk
qvk,qhd
zmf,zfg
zfg,zmf
xhx,vrv
vrv,xhx
xhx,jtp
jtp,xhx
xhx,bxv
bxv,xhx
xhx,rbp
rbp,xhx
vqb,hdh
hdh,vqb
tvq,zgc
zgc,tvq
tvq,njp
njp,tvq
tvq,vsm
vsm,tvq
tvq,lhp
lhp,tvq
dqm,kdp
kdp,dqm
dqm,qmg
qmg,dqm
vzb,lrg
lrg,vzb
vzb,txl
txl,vzb
ftr,dkn
dkn,ftr
ftr,vkn
vkn,ftr
ftr,pcv
pcv,ftr
gmj,zmh
zmh,gmj
gmj,hdr
hdr,gmj
pgp,mhs
mhs,pgp
pgp,hbg
hbg,pgp
pgp,xvc
xvc,pgp
pgp,ggt
ggt,pgp
lhx,ljd
ljd,lhx
lhx,zjn
zjn,lhx
vfc,hch
hch,vfc
vfc,jrx
jrx,vfc
vfc,bbb
bbb,vfc
vfc,vmg
vmg,vfc
mvn,zmh
zmh,mvn
mvn,gfx
gfx,mvn
lcb,php
php,lcb
lcb,kbs
kbs,lcb
lcb,mhl
mhl,lcb
kfg,zzg
zzg,kfg
hsl,xmt
xmt,hsl
hsl,tdx
tdx,hsl
hsl,cjk
cjk,hsl
hsl,scm
scm,hsl
zbb,pfv
pfv,zbb
zbb,pjc
pjc,zbb
zbb,kdk
kdk,zbb
nnl,dtm
dtm,nnl
cpl,dtd
dtd,cpl
kbp,lgt
lgt,kbp
kbp,qmt
qmt,kbp
kbp,vhd
vhd,kbp
kbp,dpv
dpv,kbp
mfn,djc
djc,mfn
mfn,fhx
fhx,mfn
mfn,ssn
ssn,mfn
bmd,gbr
gbr,bmd
bmd,lds
lds,bmd
xhz,pht
pht,xhz
xhz,kfd
kfd,xhz
xhz,jlc
jlc,xhz
qct,xnn
xnn,qct
qct,jbd
jbd,qct
qct,zpx
zpx,qct
qct,hmz
hmz,qct
jrx,jkc
jkc,jrx
jrx,jjz
jjz,jrx
tnq,jfp
jfp,tnq
tnq,tzh
tzh,tnq
tnq,tcq
tcq,tnq
tnq,vnh
vnh,tnq
jbn,chv
chv,jbn
ttc,fmg
fmg,ttc
ttc,fmm
fmm,ttc
rtz,mht
mht,rtz
rtz,zqd
zqd,rtz
rtz,jks
jks,rtz
nvt,dhz
dhz,nvt
nvt,bqf
bqf,nvt
nvt,ppk
ppk,nvt
kmr,vkn
vkn,kmr
kmr,cld
cld,kmr
nqr,jxq
jxq,nqr
rqs,nbj
nbj,rqs
rqs,tts
tts,rqs
rqs,vgk
vgk,rqs
rqs,vkh
vkh,rqs
rqs,pjj
pjj,rqs
xnn,hdv
hdv,xnn
vzv,mrl
mrl,vzv
vzv,cmq
cmq,vzv
vzv,xrc
xrc,vzv
vzv,dfg
dfg,vzv
bpz,trs
trs,bpz
bpz,vzm
vzm,bpz
kzq,qgf
qgf,kzq
zqn,ljd
ljd,zqn
zqn,vpr
vpr,zqn
zqn,rsj
rsj,zqn
knq,fqh
fqh,knq
npq,rhs
rhs,npq
npq,bsc
bsc,npq
npq,njp
njp,npq
hbm,tst
tst,hbm
hbm,cdb
cdb,hbm
qgh,qfl
qfl,qgh
qgh,ngr
ngr,qgh
qgh,xcb
xcb,qgh
qgh,lfq
lfq,qgh
mkh,pzs
pzs,mkh
mkh,lqj
lqj,mkh
qxx,xtd
xtd,qxx
hsf,bpk
bpk,hsf
hsf,hmz
hmz,hsf
hsf,dpj
dpj,hsf
hsf,ttc
ttc,hsf
cmm,pbq
pbq,cmm
cmm,kkf
kkf,cmm
cmm,nnt
nnt,cmm
tvv,mgj
mgj,tvv
tvv,rqp
rqp,tvv
tvv,jrr
jrr,tvv
tvv,klz
klz,tvv
ndj,khl
khl,ndj
ndj,vsr
vsr,ndj
ccz,xcb
xcb,ccz
ccz,nld
nld,ccz
ccz,tcx
tcx,ccz
dxk,qgf
qgf,dxk
dxk,srk
srk,dxk
dxk,kjt
kjt,dxk
dxk,skh
skh,dxk
cbj,rkc
rkc,cbj
cbj,nqr
nqr,cbj
cbj,bgg
bgg,cbj
cbj,spx
spx,cbj
dlj,shm
shm,dlj
dlj,skz
skz,dlj
dlj,bqm
bqm,dlj
dlj,pnf
pnf,dlj
zlj,xlz
xlz,zlj
zlj,pnf
pnf,zlj
fqg,jrt
jrt,fqg
fqg,qnh
qnh,fqg
xdc,rsm
rsm,xdc
pkh,cbf
cbf,pkh
bzn,jjv
jjv,bzn
bzn,tlg
tlg,bzn
bzn,tzn
tzn,bzn
bzn,qjd
qjd,bzn
bzn,jxj
jxj,bzn
kzv,sth
sth,kzv
kzv,rkb
rkb,kzv
kzv,fzz
fzz,kzv
rql,mrt
mrt,rql
rql,hnh
hnh,rql
rql,rrr
rrr,rql
rql,mtl
mtl,rql
bjv,fcn
fcn,bjv
lfq,gxj
gxj,lfq
bvb,kbp
kbp,bvb
bvb,qzn
qzn,bvb
bvb,bxt
bxt,bvb
sdv,vtb
vtb,sdv
sdv,xsf
xsf,sdv
sdv,hxj
hxj,sdv
ddt,pkh
pkh,ddt
fdx,fjm
fjm,fdx
fdx,zhz
zhz,fdx
fdx,kdp
kdp,fdx
fdx,skh
skh,fdx
fdx,qxr
qxr,fdx
skm,fcz
fcz,skm
skm,nnh
nnh,skm
skm,flr
flr,skm
lvn,kdp
kdp,lvn
lvn,ssg
ssg,lvn
lvn,gqz
gqz,lvn
lvn,xnl
xnl,lvn
rzd,vrv
vrv,rzd
rzd,qtc
qtc,rzd
ljz,lmp
lmp,ljz
ljz,dfr
dfr,ljz
ljz,mpp
mpp,ljz
jbp,xsh
xsh,jbp
jbp,lzd
lzd,jbp
nlc,xjh
xjh,nlc
nlc,vvf
vvf,nlc
pfz,qzp
qzp,pfz
pfz,clb
clb,pfz
pfz,tmq
tmq,pfz
zqd,qlb
qlb,zqd
zqd,jkb
jkb,zqd
zqd,csm
csm,zqd
zqd,pjj
pjj,zqd
cfc,mng
mng,cfc
cfc,vkh
vkh,cfc
cfc,lkk
lkk,cfc
cfc,lph
lph,cfc
hnf,dgx
dgx,hnf
bbz,qjf
qjf,bbz
bbz,gch
gch,bbz
bbz,rnt
rnt,bbz
bbz,zzv
zzv,bbz
vsm,hfp
hfp,vsm
vsm,dhl
dhl,vsm
vsm,hfm
hfm,vsm
nvv,zdd
zdd,nvv
ldq,bvg
bvg,ldq
ldq,tnq
tnq,ldq
ldq,bvd
bvd,ldq
ldq,jrk
jrk,ldq
ntd,vcq
vcq,ntd
ntd,xmd
xmd,ntd
tml,xtq
xtq,tml
tml,frf
frf,tml
tml,lst
lst,tml
tml,cvl
cvl,tml
kmf,tqg
tqg,kmf
kmf,hrn
hrn,kmf
kmf,vzz
vzz,kmf
kmf,tpd
tpd,kmf
kfr,hch
hch,kfr
gjf,mhr
mhr,gjf
kfn,gnn
gnn,kfn
kfn,bzc
bzc,kfn
kfn,cgm
cgm,kfn
kfn,cbr
cbr,kfn
kfn,sdr
sdr,kfn
gjs,ppk
ppk,gjs
gjs,qvk
qvk,gjs
pph,mdd
mdd,pph
pph,djr
djr,pph
vdt,zdx
zdx,vdt
vdt,qpg
qpg,vdt
vdt,sxt
sxt,vdt
vdt,kgp
kgp,vdt
zjp,rkp
rkp,zjp
zjp,mqc
mqc,zjp
zjp,zxf
zxf,zjp
kbs,ghh
ghh,kbs
kbs,nzj
nzj,kbs
kbs,cbf
cbf,kbs
zhs,rsj
rsj,zhs
zhs,kzg
kzg,zhs
zhs,pqg
pqg,zhs
zhs,skg
skg,zhs
zhs,mck
mck,zhs
nsx,ptb
ptb,nsx
nsx,vxd
vxd,nsx
nsx,sht
sht,nsx
mjr,dvf
dvf,mjr
mjr,dbl
dbl,mjr
mjr,jlx
jlx,mjr
kjh,jbn
jbn,kjh
kjh,lbq
lbq,kjh
kjh,qnz
qnz,kjh
kjh,rpf
rpf,kjh
jrf,chv
chv,jrf
jrf,znj
znj,jrf
jrf,tbm
tbm,jrf
jrf,bjr
bjr,jrf
jrf,bzq
bzq,jrf
dpv,hdh
hdh,dpv
mdl,gcs
gcs,mdl
mdl,pkc
pkc,mdl
mdl,zcs
zcs,mdl
jjh,xrc
xrc,jjh
jjh,jbb
jbb,jjh
jjh,hvg
hvg,jjh
jjh,pmb
pmb,jjh
jjh,xgj
xgj,jjh
vds,vfz
vfz,vds
zcs,sfd
sfd,zcs
zcs,ctl
ctl,zcs
srk,dtm
dtm,srk
qkg,bbd
bbd,qkg
cmk,hjq
hjq,cmk
cmk,xnn
xnn,cmk
thj,kdz
kdz,thj
vkg,lmp
lmp,vkg
vkg,rjr
rjr,vkg
vkg,pmb
pmb,vkg
zbk,nxz
nxz,zbk
zbk,qxp
qxp,zbk
brd,zcc
zcc,brd
brd,bcr
bcr,brd
brd,qqb
qqb,brd
brd,lst
lst,brd
brd,clb
clb,brd
jdl,ssg
ssg,jdl
rvn,qgf
qgf,rvn
xsh,rlv
rlv,xsh
gvz,kkj
kkj,gvz
gvz,tsv
tsv,gvz
gvz,bzq
bzq,gvz
gvz,tjb
tjb,gvz
gvz,cdt
cdt,gvz
ckv,dpk
dpk,ckv
ckv,nxh
nxh,ckv
kps,npl
npl,kps
kps,czm
czm,kps
kps,bqd
bqd,kps
kps,dfn
dfn,kps
qks,jcm
jcm,qks
qks,pks
pks,qks
qks,shq
shq,qks
qks,crc
crc,qks
jlk,zhb
zhb,jlk
jlk,trj
trj,jlk
jlk,dkg
dkg,jlk
cjb,cft
cft,cjb
jsn,vph
vph,jsn
rjj,nzj
nzj,rjj
rjj,ctz
ctz,rjj
rjj,zrh
zrh,rjj
mcs,gdk
gdk,mcs
mcs,knt
knt,mcs
mcs,lcm
lcm,mcs
mcs,qmk
qmk,mcs
ftq,svs
svs,ftq
ftq,cjk
cjk,ftq
ftq,cjb
cjb,ftq
pmm,vlz
vlz,pmm
pmm,dsh
dsh,pmm
pmm,pht
pht,pmm
pmm,scq
scq,pmm
pmm,mlt
mlt,pmm
njp,ppt
ppt,njp
njp,tjj
tjj,njp
rrx,kgj
kgj,rrx
rrx,kvv
kvv,rrx
rrx,crk
crk,rrx
rrx,zbk
zbk,rrx
jrr,kfh
kfh,jrr
jrr,fsh
fsh,jrr
vkq,zlj
zlj,vkq
vkq,zdx
zdx,vkq
vkq,zqg
zqg,vkq
vkq,hlk
hlk,vkq
nbm,zzg
zzg,nbm
nbm,gjv
gjv,nbm
nbm,cgj
cgj,nbm
nbm,fsv
fsv,nbm
scq,vdr
vdr,scq
scq,pqg
pqg,scq
scq,mrt
mrt,scq
nrt,hlc
hlc,nrt
nrt,hjn
hjn,nrt
vgg,pdc
pdc,vgg
vgg,bqf
bqf,vgg
vgg,gjs
gjs,vgg
vgg,cjb
cjb,vgg
gnn,klr
klr,gnn
gnn,zrb
zrb,gnn
cvs,pfs
pfs,cvs
cvs,vqd
vqd,cvs
cvs,jch
jch,cvs
cvs,vdc
vdc,cvs
jfs,lrj
lrj,jfs
jln,zlj
zlj,jln
mkb,bnt
bnt,mkb
mkb,kqd
kqd,mkb
mkb,ctz
ctz,mkb
mkb,qjf
qjf,mkb
mkb,sjg
sjg,mkb
svr,zcc
zcc,svr
svr,btq
btq,svr
svr,qbb
qbb,svr
bzz,czm
czm,bzz
bzz,dpz
dpz,bzz
bzz,fzg
fzg,bzz
qpx,lzd
lzd,qpx
qpx,gqr
gqr,qpx
qpx,lxx
lxx,qpx
qpx,hmk
hmk,qpx
nhg,ksf
ksf,nhg
pnf,mtx
mtx,pnf
vgr,bbx
bbx,vgr
vgr,khf
khf,vgr
lnp,dkg
dkg,lnp
lnp,hbm
hbm,lnp
lnp,ljz
ljz,lnp
lnp,rth
rth,lnp
lnp,dmr
dmr,lnp
xjz,lrf
lrf,xjz
xjz,ctl
ctl,xjz
xjz,jbn
jbn,xjz
xjz,qbv
qbv,xjz
xjz,ngm
ngm,xjz
xjz,hhb
hhb,xjz
zgh,mvq
mvq,zgh
btc,jxq
jxq,btc
mmv,vvc
vvc,mmv
mmv,tpf
tpf,mmv
mmv,kst
kst,mmv
mmv,jhr
jhr,mmv
mmv,gjx
gjx,mmv
mmv,jkn
jkn,mmv
qkx,lzb
lzb,qkx
qkx,dgp
dgp,qkx
qkx,jhg
jhg,qkx
qkx,zgh
zgh,qkx
rjt,qps
qps,rjt
sjj,pbz
pbz,sjj
sjj,kgp
kgp,sjj
sjj,mfn
mfn,sjj
qlj,chm
chm,qlj
qlj,vtb
vtb,qlj
qlj,rtm
rtm,qlj
qlj,dvn
dvn,qlj
dtm,nrn
nrn,dtm
jhs,zcv
zcv,jhs
jhs,fcn
fcn,jhs
jhs,vgr
vgr,jhs
srr,dnr
dnr,srr
srr,khl
khl,srr
bzc,mhn
mhn,bzc
bzc,zrr
zrr,bzc
bzc,kfq
kfq,bzc
jbs,dcp
dcp,jbs
jbs,trj
trj,jbs
jbs,qlh
qlh,jbs
jbs,pnv
pnv,jbs
dlp,sbk
sbk,dlp
dlp,tmj
tmj,dlp
rlv,xtd
xtd,rlv
spx,kfr
kfr,spx
spx,tcq
tcq,spx
zfm,hhf
hhf,zfm
vvf,xbb
xbb,vvf
vvf,cmq
cmq,vvf
vvf,qjk
qjk,vvf
tpd,rkk
rkk,tpd
cgh,nnh
nnh,cgh
cgh,mcb
mcb,cgh
cgh,btf
btf,cgh
cgh,bbd
bbd,cgh
zxf,mtv
mtv,zxf
zxf,crc
crc,zxf
dbx,nvh
nvh,dbx
dbx,rcm
rcm,dbx
dbx,pjj
pjj,dbx
hqv,qrg
qrg,hqv
hqv,fgv
fgv,hqv
hqv,zpn
zpn,hqv
hqv,jsg
jsg,hqv
hqv,kfq
kfq,hqv
zbd,vmr
vmr,zbd
zbd,xvt
xvt,zbd
dcj,zqd
zqd,dcj
dcj,nhg
nhg,dcj
dcj,zzc
zzc,dcj
sdr,qgq
qgq,sdr
lpc,mck
mck,lpc
lpc,kcx
kcx,lpc
lpc,ttn
ttn,lpc
nmh,zmh
zmh,nmh
nmh,kgp
kgp,nmh
nmh,fvh
fvh,nmh
gcs,khl
khl,gcs
dsh,kfd
kfd,dsh
bbk,vsm
vsm,bbk
bbk,zxz
zxz,bbk
bbk,zfc
zfc,bbk
bbk,vmd
vmd,bbk
sjl,tpd
tpd,sjl
sjl,bqm
bqm,sjl
sjl,jkg
jkg,sjl
sjl,hfk
hfk,sjl
sjl,qhd
qhd,sjl
sjl,knc
knc,sjl
nsm,jbk
jbk,nsm
sxp,rck
rck,sxp
sxp,frj
frj,sxp
ksx,vxh
vxh,ksx
ksx,vds
vds,ksx
ksx,jvr
jvr,ksx
lzx,lhv
lhv,lzx
lzx,kvl
kvl,lzx
dmx,vcl
vcl,dmx
dmx,tfm
tfm,dmx
dmx,nmd
nmd,dmx
qmm,bxj
bxj,qmm
qmm,sth
sth,qmm
qmm,lqg
lqg,qmm
qmm,tbh
tbh,qmm
dbl,gsn
gsn,dbl
thh,vqb
vqb,thh
thh,brg
brg,thh
thh,thk
thk,thh
thh,pmb
pmb,thh
thh,fbj
fbj,thh
thh,dkn
dkn,thh
cfk,xfh
xfh,cfk
cfk,ssb
ssb,cfk
ggj,lxb
lxb,ggj
ggj,fbg
fbg,ggj
ggj,njd
njd,ggj
ggj,lvd
lvd,ggj
ggj,rlg
rlg,ggj
fbn,nvh
nvh,fbn
xrj,hrn
hrn,xrj
gxp,hxn
hxn,gxp
gxp,hfk
hfk,gxp
gxp,tpd
tpd,gxp
bld,ckq
ckq,bld
bld,ptb
ptb,bld
bld,bjr
bjr,bld
bld,qtt
qtt,bld
bld,rlg
rlg,bld
hjg,kvr
kvr,hjg
hjg,mcq
mcq,hjg
hjg,ksr
ksr,hjg
hjv,xlk
xlk,hjv
cqc,kvr
kvr,cqc
zxz,kzc
kzc,zxz
zxz,ldm
ldm,zxz
pcp,skz
skz,pcp
pcp,qvk
qvk,pcp
pcp,vcx
vcx,pcp
pcp,vdc
vdc,pcp
pcp,snv
snv,pcp
bxj,mdg
mdg,bxj
bxj,lhp
lhp,bxj
bxj,tbh
tbh,bxj
shs,dbd
dbd,shs
shs,sxt
sxt,shs
jrk,lcc
lcc,jrk
jrk,gcn
gcn,jrk
jrk,mpp
mpp,jrk
skg,zhc
zhc,skg
skg,vcx
vcx,skg
skg,xmt
xmt,skg
jgz,nmj
nmj,jgz
fqh,vxd
vxd,fqh
mzn,nld
nld,mzn
mzn,ngr
ngr,mzn
kkq,rll
rll,kkq
kkq,dqf
dqf,kkq
kkq,lbz
lbz,kkq
kkq,qml
qml,kkq
qhj,htc
htc,qhj
qhj,hfj
hfj,qhj
qhj,vdr
vdr,qhj
qhj,fcg
fcg,qhj
qhj,svv
svv,qhj
qhj,dqs
dqs,qhj
qhj,frj
frj,qhj
qhj,lhx
lhx,qhj
zfc,vlj
vlj,zfc
zfc,lzx
lzx,zfc
zfc,phq
phq,zfc
qxh,hbn
hbn,qxh
qxh,cxq
cxq,qxh
vpd,cfq
cfq,vpd
vpd,mql
mql,vpd
vpd,vck
vck,vpd
rxv,tbv
tbv,rxv
rxv,jrt
jrt,rxv
pzs,qlh
qlh,pzs
qpp,zbd
zbd,qpp
qpp,hjv
hjv,qpp
qpp,mhb
mhb,qpp
qpp,cpl
cpl,qpp
qpp,hvx
hvx,qpp
qpp,dsp
dsp,qpp
qpp,dlp
dlp,qpp
dqt,qvk
qvk,dqt
dqt,tbl
tbl,dqt
dqt,xff
xff,dqt
dqt,pnv
pnv,dqt
dqt,xtm
xtm,dqt
lcc,pgk
pgk,lcc
lcc,pks
pks,lcc
qfl,hbl
hbl,qfl
qfl,hjq
hjq,qfl
qfl,vnk
vnk,qfl
qfl,fcn
fcn,qfl
jlx,mbz
mbz,jlx
jlx,cld
cld,jlx
mtl,btc
btc,mtl
kgc,vmc
vmc,kgc
kgc,dgd
dgd,kgc
kgc,xvv
xvv,kgc
kgc,mvq
mvq,kgc
kgc,fkt
fkt,kgc
xtn,zdd
zdd,xtn
xtn,qlb
qlb,xtn
xtn,zzc
zzc,xtn
xtn,xlk
xlk,xtn
xtn,rtz
rtz,xtn
zrv,kfk
kfk,zrv
zrv,sjl
sjl,zrv
zrv,tqs
tqs,zrv
zrv,grd
grd,zrv
zrv,srl
srl,zrv
zrv,pjg
pjg,zrv
nxj,fpq
fpq,nxj
nxj,txl
txl,nxj
nxj,mdk
mdk,nxj
nxj,gjz
gjz,nxj
qcz,kjp
kjp,qcz
qcz,bfq
bfq,qcz
nnh,zfx
zfx,nnh
nnh,gxj
gxj,nnh
nnh,gtg
gtg,nnh
cdt,lsn
lsn,cdt
cdt,mdm
mdm,cdt
cdt,vsr
vsr,cdt
kzg,hcg
hcg,kzg
kzg,qjd
qjd,kzg
kzg,dvk
dvk,kzg
gmh,hjv
hjv,gmh
gmh,qbs
qbs,gmh
tsn,kpg
kpg,tsn
tsn,lzt
lzt,tsn
tsn,bgg
bgg,tsn
tsn,tnk
tnk,tsn
dgp,lxp
lxp,dgp
dgp,gvv
gvv,dgp
nzt,kjr
kjr,nzt
nzt,lbq
lbq,nzt
nzt,jdl
jdl,nzt
nzt,cvl
cvl,nzt
lzk,zfr
zfr,lzk
lzk,bxq
bxq,lzk
lzk,cjn
cjn,lzk
lzk,lgg
lgg,lzk
rgk,mzv
mzv,rgk
rgk,gjk
gjk,rgk
rgk,jdk
jdk,rgk
dvh,mtx
mtx,dvh
dvh,tvr
tvr,dvh
pfv,cfk
cfk,pfv
pfv,fbn
fbn,pfv
pfv,gtg
gtg,pfv
pfv,kvv
kvv,pfv
cts,hjj
hjj,cts
cts,tjb
tjb,cts
cts,fjv
fjv,cts
cts,mzq
mzq,cts
cts,fdq
fdq,cts
fsx,dgd
dgd,fsx
hkz,tlm
tlm,hkz
hkz,kqd
kqd,hkz
hkz,tdg
tdg,hkz
hkz,zfr
zfr,hkz
kpn,mgj
mgj,kpn
kpn,nms
nms,kpn
xpv,jbb
jbb,xpv
xpv,mvn
mvn,xpv
tzh,bkq
bkq,tzh
tzh,nqr
nqr,tzh
tzh,bgg
bgg,tzh
fhg,jsn
jsn,fhg
fhg,sgh
sgh,fhg
fhg,zbd
zbd,fhg
bzx,zvc
zvc,bzx
bzx,mvt
mvt,bzx
bzx,ngj
ngj,bzx
bzx,qgd
qgd,bzx
cpr,vbk
vbk,cpr
cpr,sfd
sfd,cpr
cpr,pnz
pnz,cpr
cpr,qtc
qtc,cpr
cpr,hbg
hbg,cpr
xmd,ksf
ksf,xmd
rvd,ksf
ksf,rvd
qgd,gkk
gkk,qgd
qgd,tdg
tdg,qgd
shq,tst
tst,shq
btq,dbs
dbs,btq
btq,cmk
cmk,btq
tlj,vkm
vkm,tlj
tlj,lvd
lvd,tlj
gbr,jck
jck,gbr
gbr,nch
nch,gbr
pjs,xnd
xnd,pjs
pjs,qnq
qnq,pjs
pjs,zjn
zjn,pjs
pjs,hjn
hjn,pjs
xbb,mkc
mkc,xbb
gvj,vgk
vgk,gvj
gvj,gsm
gsm,gvj
gvj,ghh
ghh,gvj
bqm,mbx
mbx,bqm
bqm,ckj
ckj,bqm
bqm,vmg
vmg,bqm
cvc,dxc
dxc,cvc
cvc,zgh
zgh,cvc
mbk,lxp
lxp,mbk
mbk,qxp
qxp,mbk
cml,nsm
nsm,cml
cml,kfq
kfq,cml
cml,zlk
zlk,cml
cml,fpn
fpn,cml
cml,kjq
kjq,cml
cml,vqd
vqd,cml
tkd,rvn
rvn,tkd
tkd,vcq
vcq,tkd
tkd,ldc
ldc,tkd
tkd,pdh
pdh,tkd
ntk,tpq
tpq,ntk
xsp,pmb
pmb,xsp
xsp,bdn
bdn,xsp
xsp,pvd
pvd,xsp
xsp,jrk
jrk,xsp
lsr,vpl
vpl,lsr
lsr,kvr
kvr,lsr
lsr,tjx
tjx,lsr
lsr,jlx
jlx,lsr
pqk,zbj
zbj,pqk
pqk,spx
spx,pqk
pqk,hkn
hkn,pqk
pqk,knz
knz,pqk
pqk,qhg
qhg,pqk
jjq,knt
knt,jjq
xps,kcp
kcp,xps
xps,cgg
cgg,xps
xps,vnj
vnj,xps
xps,frc
frc,xps
xps,mtx
mtx,xps
tpf,sbk
sbk,tpf
tpf,xrq
xrq,tpf
tpf,zcc
zcc,tpf
hhb,qfp
qfp,hhb
hhb,qbs
qbs,hhb
fhf,bgv
bgv,fhf
fhf,zqf
zqf,fhf
fhf,dbv
dbv,fhf
fhf,pnf
pnf,fhf
ggt,gbl
gbl,ggt
khr,bbb
bbb,khr
khr,fhx
fhx,khr
khr,pnv
pnv,khr
gkk,gfg
gfg,gkk
gkk,vkm
vkm,gkk
sjb,kjf
kjf,sjb
sjb,rkb
rkb,sjb
snp,dvk
dvk,snp
snp,dpv
dpv,snp
snp,bvm
bvm,snp
dbr,rrn
rrn,dbr
dbr,mpt
mpt,dbr
czv,hmm
hmm,czv
czv,fbl
fbl,czv
czv,fnk
fnk,czv
rth,kfk
kfk,rth
rth,qnq
qnq,rth
rth,kmf
kmf,rth
cpp,lds
lds,cpp
cpp,fdj
fdj,cpp
cpp,qkm
qkm,cpp
cpp,tbg
tbg,cpp
tdf,mdg
mdg,tdf
tdf,qxc
qxc,tdf
tdf,vnj
vnj,tdf
tdf,btc
btc,tdf
hdr,qjk
qjk,hdr
fzg,ddt
ddt,fzg
fzg,cbf
cbf,fzg
zgx,kzc
kzc,zgx
zgx,vqv
vqv,zgx
zgx,lxs
lxs,zgx
zgx,hnc
hnc,zgx
zgx,hdd
hdd,zgx
msj,hxn
hxn,msj
msj,dmr
dmr,msj
msj,fkd
fkd,msj
xfr,qsm
qsm,xfr
xfr,rkk
rkk,xfr
pbs,hjj
hjj,pbs
gnb,rtc
rtc,gnb
gnb,qtc
qtc,gnb
gnb,nvv
nvv,gnb
gnb,cmn
cmn,gnb
gnb,pjt
pjt,gnb
jbb,gsz
gsz,jbb
jbb,svs
svs,jbb
xnd,dkn
dkn,xnd
ckf,rqc
rqc,ckf
mxj,xdq
xdq,mxj
mxj,hsx
hsx,mxj
mxj,kkf
kkf,mxj
mxj,qfp
qfp,mxj
mxj,dlk
dlk,mxj
smh,rbp
rbp,smh
smh,ptq
ptq,smh
smh,zqd
zqd,smh
smh,npz
npz,smh
vpg,dqs
dqs,vpg
vpg,rsm
rsm,vpg
vpg,hdh
hdh,vpg
vpg,dgs
dgs,vpg
vtg,dkg
dkg,vtg
vtg,rkp
rkp,vtg
vtg,rck
rck,vtg
jks,ltt
ltt,jks
jks,qts
qts,jks
jks,zgh
zgh,jks
njd,qbs
qbs,njd
jxn,sls
sls,jxn
jxn,tpv
tpv,jxn
jxn,cbv
cbv,jxn
vps,tvr
tvr,vps
vps,rzv
rzv,vps
vps,tmp
tmp,vps
vps,pvb
pvb,vps
gfx,dkn
dkn,gfx
gfx,svv
svv,gfx
fmn,bkv
bkv,fmn
fmn,ltn
ltn,fmn
fmn,sgk
sgk,fmn
lgf,pfm
pfm,lgf
lgf,pnc
pnc,lgf
lgf,lrf
lrf,lgf
mgj,fsh
fsh,mgj
mgj,ksm
ksm,mgj
lrk,pcd
pcd,lrk
lrk,xxt
xxt,lrk
lrk,bbd
bbd,lrk
lrk,stb
stb,lrk
ffl,llp
llp,ffl
tpv,nhg
nhg,tpv
tpv,xdp
xdp,tpv
vkm,xzp
xzp,vkm
vkm,vkh
vkh,vkm
dbm,pvb
pvb,dbm
xnj,hjj
hjj,xnj
xnj,dtd
dtd,xnj
xnj,mlq
mlq,xnj
xnj,qtl
qtl,xnj
xnj,qjm
qjm,xnj
kdm,kbq
kbq,kdm
kdm,fzl
fzl,kdm
qrp,bvm
bvm,qrp
qrp,hqq
hqq,qrp
qrp,sdh
sdh,qrp
nrs,mkc
mkc,nrs
nrs,vzm
vzm,nrs
djc,kzc
kzc,djc
djc,kfd
kfd,djc
jkz,xlk
xlk,jkz
jkz,lgg
lgg,jkz
jkz,jkn
jkn,jkz
jkz,mzn
mzn,jkz
jkz,fpq
fpq,jkz
smj,kst
kst,smj
smj,rtm
rtm,smj
ctr,jxj
jxj,ctr
ctr,nvx
nvx,ctr
ctr,mjr
mjr,ctr
ctr,qlh
qlh,ctr
cpv,zlj
zlj,cpv
vpf,tgr
tgr,vpf
vpf,fpq
fpq,vpf
vpf,sbz
sbz,vpf
xdq,czm
czm,xdq
xdq,fsx
fsx,xdq
bbx,fbg
fbg,bbx
bbx,lmg
lmg,bbx
mtv,cbd
cbd,mtv
hxj,xsf
xsf,hxj
hxj,kdz
kdz,hxj
rtp,pbz
pbz,rtp
rtp,vfz
vfz,rtp
rtp,kmp
kmp,rtp
qpj,qpg
qpg,qpj
qpj,jsb
jsb,qpj
qpj,tvm
tvm,qpj
ptq,jkn
jkn,ptq
ptq,zvc
zvc,ptq
ptq,nzj
nzj,ptq
zhc,mtv
mtv,zhc
rgh,tbh
tbh,rgh
vcg,pjq
pjq,vcg
vcg,xsb
xsb,vcg
vcg,scq
scq,vcg
vcg,nxm
nxm,vcg
vcg,zdx
zdx,vcg
vcg,jvr
jvr,vcg
lml,tsr
tsr,lml
lml,qjk
qjk,lml
lml,mjz
mjz,lml
cpq,bkq
bkq,cpq
cpq,rck
rck,cpq
cpq,bqf
bqf,cpq
kvf,rdt
rdt,kvf
qjm,vfl
vfl,qjm
qjm,cfq
cfq,qjm
fqz,pvb
pvb,fqz
qqh,sbf
sbf,qqh
qqh,qhg
qhg,qqh
qqh,jkg
jkg,qqh
qqh,bbb
bbb,qqh
lln,vzb
vzb,lln
lln,vkm
vkm,lln
lln,sgh
sgh,lln
lln,cps
cps,lln
cbv,qmg
qmg,cbv
cbv,fmm
fmm,cbv
cbv,vrn
vrn,cbv
txm,zpc
zpc,txm
txm,rdt
rdt,txm
txm,vbk
vbk,txm
txm,gcs
gcs,txm
txm,ggl
ggl,txm
zrh,mbg
mbg,zrh
zrh,zfr
zfr,zrh
fxm,dmd
dmd,fxm
fxm,cbd
cbd,fxm
fxm,kvl
kvl,fxm
fxm,bbm
bbm,fxm
pjt,tzf
tzf,pjt
pjt,dxl
dxl,pjt
pjt,gjh
gjh,pjt
bcp,nnp
nnp,bcp
bcp,gsn
gsn,bcp
bcp,fns
fns,bcp
rsj,shs
shs,rsj
bxt,btb
btb,bxt
bxt,fml
fml,bxt
bxt,vfz
vfz,bxt
mck,tmp
tmp,mck
mck,pks
pks,mck
gxz,rtc
rtc,gxz
rgr,lph
lph,rgr
rgr,hjx
hjx,rgr
rts,ffp
ffp,rts
dlk,cps
cps,dlk
dlk,dgx
dgx,dlk
rfl,gjv
gjv,rfl
rfl,sht
sht,rfl
rfl,xnn
xnn,rfl
rfl,hvx
hvx,rfl
htq,nlc
nlc,htq
htq,rnr
rnr,htq
htq,nrt
nrt,htq
htq,rkb
rkb,htq
kjp,fkt
fkt,kjp
sch,jck
jck,sch
sch,clk
clk,sch
xxb,qzv
qzv,xxb
kkf,pls
pls,kkf
kkf,vrv
vrv,kkf
gtt,ncc
ncc,gtt
mqc,ngz
ngz,mqc
mqc,mgd
mgd,mqc
mqc,trn
trn,mqc
tft,gzk
gzk,tft
tft,jsg
jsg,tft
tft,kzl
kzl,tft
tft,jcm
jcm,tft
lgt,jbp
jbp,lgt
lgt,qgn
qgn,lgt
tzn,ftr
ftr,tzn
tzn,gnn
gnn,tzn
tzn,jrx
jrx,tzn
tvr,gsz
gsz,tvr
tvr,pzs
pzs,tvr
tvr,mfb
mfb,tvr
tvr,rrn
rrn,tvr
bbm,glq
glq,bbm
bbm,zgx
zgx,bbm
bbm,cbd
cbd,bbm
bbm,jsb
jsb,bbm
ssn,jjq
jjq,ssn
ddz,cjx
cjx,ddz
ddz,fsx
fsx,ddz
ddz,blt
blt,ddz
ddz,nhj
nhj,ddz
dxs,srk
srk,dxs
dxs,pkc
pkc,dxs
kfb,rjd
rjd,kfb
kfb,mmq
mmq,kfb
kfb,nnl
nnl,kfb
kfb,lzm
lzm,kfb
mhn,zsl
zsl,mhn
mhn,rsj
rsj,mhn
hgx,hjv
hjv,hgx
hgx,cpp
cpp,hgx
qtt,vrn
vrn,qtt
qtt,kvv
kvv,qtt
qxr,ssg
ssg,qxr
qxr,vxd
vxd,qxr
jbd,ddt
ddt,jbd
vhn,lzm
lzm,vhn
vhn,gxz
gxz,vhn
vhn,lcj
lcj,vhn
vhn,jkb
jkb,vhn
vhn,bfq
bfq,vhn
vhn,zvc
zvc,vhn
nnv,hmh
hmh,nnv
nnv,phb
phb,nnv
nnv,rfh
rfh,nnv
nnv,fbn
fbn,nnv
phs,rbl
rbl,phs
phs,lsn
lsn,phs
phs,nxz
nxz,phs
phs,hvx
hvx,phs
dtd,kqx
kqx,dtd
dtd,kxm
kxm,dtd
xsb,jjq
jjq,xsb
mxd,kdm
kdm,mxd
mxd,xrq
xrq,mxd
mxd,glz
glz,mxd
mxd,ntk
ntk,mxd
qjf,ntm
ntm,qjf
qml,lhp
lhp,qml
qml,gcn
gcn,qml
nsz,cxs
cxs,nsz
nsz,glm
glm,nsz
hrs,lgq
lgq,hrs
hrs,tfm
tfm,hrs
hrs,qbn
qbn,hrs
hrs,mck
mck,hrs
hrs,lxs
lxs,hrs
lbq,pmk
pmk,lbq
npz,mvq
mvq,npz
hcb,qxr
qxr,hcb
hcb,kfv
kfv,hcb
hcb,fmn
fmn,hcb
frf,pkc
pkc,frf
zgb,ksr
ksr,zgb
zgb,sjj
sjj,zgb
zgb,fhx
fhx,zgb
vgt,fkt
fkt,vgt
vgt,kht
kht,vgt
knb,nrn
nrn,knb
knb,qhs
qhs,knb
fmm,xng
xng,fmm
fmm,qmv
qmv,fmm
hxn,gcn
gcn,hxn
hxn,gjf
gjf,hxn
rxz,fkd
fkd,rxz
rxz,tqq
tqq,rxz
rxz,pvd
pvd,rxz
rxz,dgm
dgm,rxz
qps,vds
vds,qps
qps,xrj
xrj,qps
mql,dpz
dpz,mql
mql,kjr
kjr,mql
mql,fzg
fzg,mql
jhg,cmk
cmk,jhg
jhg,mcb
mcb,jhg
jhg,ggl
ggl,jhg
tcx,kfh
kfh,tcx
tcx,jlq
jlq,tcx
fnk,btf
btf,fnk
fnk,bhp
bhp,fnk
vxh,pzc
pzc,vxh
vxh,mrb
mrb,vxh
jnr,pkh
pkh,jnr
jnr,qmz
qmz,jnr
jnr,jkb
jkb,jnr
sqb,mgd
mgd,sqb
sqb,qmt
qmt,sqb
scm,glz
glz,scm
scm,rkc
rkc,scm
scm,ksr
ksr,scm
jcq,fqh
fqh,jcq
jcq,rvn
rvn,jcq
xmt,jjv
jjv,xmt
xmt,kfk
kfk,xmt
lsp,fdd
fdd,lsp
lsp,ssg
ssg,lsp
lsp,rmt
rmt,lsp
mzv,dpz
dpz,mzv
jxj,vql
vql,jxj
jxj,xsb
xsb,jxj
tzq,prl
prl,tzq
tzq,rzx
rzx,tzq
tzq,kcq
kcq,tzq
qtx,knb
knb,qtx
qtx,lbq
lbq,qtx
qtx,xfh
xfh,qtx
qtx,dtm
dtm,qtx
qrc,jcm
jcm,qrc
qrc,knt
knt,qrc
qrc,tmq
tmq,qrc
qff,hkn
hkn,qff
qff,ksr
ksr,qff
qff,dmd
dmd,qff
rkk,mtv
mtv,rkk
zfr,gsm
gsm,zfr
csh,cbf
cbf,csh
csh,vrn
vrn,csh
csh,jhh
jhh,csh
fbl,bkv
bkv,fbl
fbl,ctl
ctl,fbl
frz,zbg
zbg,frz
frz,dxs
dxs,frz
frz,nmv
nmv,frz
frz,gmg
gmg,frz
mhl,qlb
qlb,mhl
mhl,vph
vph,mhl
mhl,llv
llv,mhl
mhl,ghh
ghh,mhl
ttn,dbm
dbm,ttn
hvh,rgh
rgh,hvh
hvh,zdx
zdx,hvh
hvh,ncn
ncn,hvh
qlc,zcn
zcn,qlc
qlc,lmt
lmt,qlc
qlc,ntd
ntd,qlc
qlc,hxj
hxj,qlc
llv,dmv
dmv,llv
nms,njd
njd,nms
ppk,msc
msc,ppk
khz,bjr
bjr,khz
khz,fft
fft,khz
khz,qhs
qhs,khz
ncc,jxq
jxq,ncc
zcn,jcz
jcz,zcn
zcn,srr
srr,zcn
zcn,bbx
bbx,zcn
sbk,fsh
fsh,sbk
lgq,mrt
mrt,lgq
vpr,srl
srl,vpr
vpr,kjq
kjq,vpr
vpr,vqb
vqb,vpr
vlj,rlb
rlb,vlj
vlj,kvl
kvl,vlj
vlj,bsx
bsx,vlj
qtl,nrn
nrn,qtl
tvk,cxq
cxq,tvk
tvk,jcq
jcq,tvk
tvk,rgr
rgr,tvk
tvk,rjj
rjj,tvk
tvk,vck
vck,tvk
rkp,rlv
rlv,rkp
dxc,lcb
lcb,dxc
dxc,ndj
ndj,dxc
dxc,sgh
sgh,dxc
hfm,tqs
tqs,hfm
hfm,pcv
pcv,hfm
mtn,ckf
ckf,mtn
mtn,nxh
nxh,mtn
mtn,ltk
ltk,mtn
mtn,gfx
gfx,mtn
mtn,sxp
sxp,mtn
mtn,qmk
qmk,mtn
qmp,ljd
ljd,qmp
qmp,jlc
jlc,qmp
qmp,xdc
xdc,qmp
qmp,hdd
hdd,qmp
dvs,lqr
lqr,dvs
dvs,sth
sth,dvs
dvs,vds
vds,dvs
zvv,cvl
cvl,zvv
zvv,ghm
ghm,zvv
qrg,xhz
xhz,qrg
qrg,lgt
lgt,qrg
dvn,qlx
qlx,dvn
dvn,cfk
cfk,dvn
dvn,kvf
kvf,dvn
dvn,zcc
zcc,dvn
srx,qmg
qmg,srx
srx,rts
rts,srx
srx,dxl
dxl,srx
srx,mdd
mdd,srx
hkd,mjq
mjq,hkd
hkd,fxb
fxb,hkd
vcx,ttn
ttn,vcx
vcx,gbm
gbm,vcx
dkv,sqb
sqb,dkv
dkv,knc
knc,dkv
dkv,qzp
qzp,dkv
dkv,vqb
vqb,dkv
zxh,hzr
hzr,zxh
zxh,zfx
zfx,zxh
zxh,rts
rts,zxh
zxh,rvd
rvd,zxh
vkn,vzz
vzz,vkn
vkn,xlz
xlz,vkn
vkn,dqf
dqf,vkn
zpv,xhz
xhz,zpv
zpv,gmj
gmj,zpv
zpv,tst
tst,zpv
zpv,hhs
hhs,zpv
zpv,tmp
tmp,zpv
jmj,bsx
bsx,jmj
jmj,cff
cff,jmj
jmj,xfr
xfr,jmj
kdz,lxb
lxb,kdz
kdz,fkt
fkt,kdz
bhv,bfv
bfv,bhv
bhv,rjt
rjt,bhv
bhv,crq
crq,bhv
tvm,jbk
jbk,tvm
tnm,jfd
jfd,tnm
tnm,kff
kff,tnm
tnm,znj
znj,tnm
tnm,brq
brq,tnm
zhz,mhs
mhs,zhz
zhz,mkd
mkd,zhz
zhz,dmv
dmv,zhz
zhz,ssb
ssb,zhz
zcv,gxj
gxj,zcv
zcv,cfq
cfq,zcv
zcv,qxr
qxr,zcv
zcv,bxq
bxq,zcv
zcv,rjd
rjd,zcv
zcv,cxt
cxt,zcv
zgq,xnq
xnq,zgq
zgq,ncn
ncn,zgq
bjr,djr
djr,bjr
bjr,npz
npz,bjr
vfv,zpx
zpx,vfv
vfv,zpm
zpm,vfv
pnh,vfl
vfl,pnh
pnh,fkt
fkt,pnh
pnh,rtc
rtc,pnh
dgg,cgg
cgg,dgg
dgg,fhx
fhx,dgg
rrn,zxz
zxz,rrn
mjs,fxs
fxs,mjs
mjs,zpz
zpz,mjs
mjs,bcj
bcj,mjs
rlg,csm
csm,rlg
pjq,rpd
rpd,pjq
pjq,ftq
ftq,pjq
pjq,xmm
xmm,pjq
dnr,cgj
cgj,dnr
zrb,mpp
mpp,zrb
zrb,lqq
lqq,zrb
zzc,cxp
cxp,zzc
zzc,scn
scn,zzc
npl,qxp
qxp,npl
npl,xfj
xfj,npl
kpg,tdf
tdf,kpg
kpg,fqz
fqz,kpg
kpg,rtd
rtd,kpg
fzx,kjs
kjs,fzx
fzx,vsr
vsr,fzx
xqg,ttq
ttq,xqg
xqg,dbm
dbm,xqg
xqg,lqv
lqv,xqg
xqg,xgr
xgr,xqg
cdl,bpz
bpz,cdl
cdl,mfb
mfb,cdl
cdl,kmr
kmr,cdl
jkf,qsm
qsm,jkf
jkf,hpc
hpc,jkf
jkf,cft
cft,jkf
jkf,vvf
vvf,jkf
gjg,rtd
rtd,gjg
ddc,qlb
qlb,ddc
ddc,sgh
sgh,ddc
ddc,kjp
kjp,ddc
cgt,cdh
cdh,cgt
cgt,ckf
ckf,cgt
cgt,qgx
qgx,cgt
cqq,mbg
mbg,cqq
cqq,pjc
pjc,cqq
cqq,ngm
ngm,cqq
cqq,rgr
rgr,cqq
lmp,xdt
xdt,lmp
brq,sht
sht,brq
brq,pft
pft,brq
brq,bbz
bbz,brq
psl,gsm
gsm,psl
psl,txd
txd,psl
psl,mzv
mzv,psl
xcs,mjq
mjq,xcs
xcs,mjl
mjl,xcs
xcs,crr
crr,xcs
nch,gjh
gjh,nch
tpg,tqs
tqs,tpg
tpg,svv
svv,tpg
tpg,vkg
vkg,tpg
tpg,trj
trj,tpg
tpg,xfr
xfr,tpg
hvj,vfv
vfv,hvj
hvj,mjq
mjq,hvj
hvj,ddt
ddt,hvj
hfk,vzz
vzz,hfk
hfk,ppt
ppt,hfk
hfk,frc
frc,hfk
kcq,trs
trs,kcq
kcq,lkm
lkm,kcq
djr,crk
crk,djr
djr,xkr
xkr,djr
tdx,tnk
tnk,tdx
tdx,vkg
vkg,tdx
tdx,vxf
vxf,tdx
fsv,lmt
lmt,fsv
fsv,zvl
zvl,fsv
fsv,mnd
mnd,fsv
zqf,vlz
vlz,zqf
zqf,dpv
dpv,zqf
zqf,dpp
dpp,zqf
zqf,lkm
lkm,zqf
zqf,kdt
kdt,zqf
khb,zjn
zjn,khb
khb,cld
cld,khb
knz,qzp
qzp,knz
knz,gfx
gfx,knz
fjp,xsb
xsb,fjp
fjp,vqv
vqv,fjp
fjp,fvh
fvh,fjp
thv,xvt
xvt,thv
thv,vfl
vfl,thv
thv,gcs
gcs,thv
thv,spp
spp,thv
kfq,jpm
jpm,kfq
kfq,vvq
vvq,kfq
lhm,vqd
vqd,lhm
lhm,ztv
ztv,lhm
lhm,pzc
pzc,lhm
lhm,kvk
kvk,lhm
xcm,pkh
pkh,xcm
xcm,zfx
zfx,xcm
xcm,fzg
fzg,xcm
lvj,dxs
dxs,lvj
lvj,lzm
lzm,lvj
lvj,cmk
cmk,lvj
lvj,fmg
fmg,lvj
gqg,fns
fns,gqg
gqg,dpk
dpk,gqg
gqg,gjs
gjs,gqg
gqg,cmq
cmq,gqg
plt,dlf
dlf,plt
plt,gqg
gqg,plt
plt,snp
snp,plt
plt,fhs
fhs,plt
dvk,shm
shm,dvk
vqv,hfj
hfj,vqv
fhs,dhl
dhl,fhs
fhs,qtm
qtm,fhs
fhs,dgs
dgs,fhs
tbm,fbg
fbg,tbm
tbm,kpn
kpn,tbm
tbm,jhf
jhf,tbm
dxl,tbv
tbv,dxl
fcz,qqd
qqd,fcz
fcz,lph
lph,fcz
dbs,gtg
gtg,dbs
dbs,czm
czm,dbs
rls,jnr
jnr,rls
rls,kms
kms,rls
rls,ndj
ndj,rls
shr,gvv
gvv,shr
shr,fxh
fxh,shr
